,Anomaly,ano,mes,mes_num,mes_completo
0,-2.7,1880,jan,1,January
1,-2.33,1880,feb,2,February
2,-1.58,1880,mar,3,March
3,-0.67,1880,apr,4,April
4,0.35,1880,may,5,May
5,0.93,1880,jun,6,June
6,1.21,1880,jul,7,July
7,1.21,1880,aug,8,August
8,0.49,1880,sep,9,September
9,-0.59,1880,,10,October
10,-1.65,1880,nov,11,November
11,-2.38,1880,dec,12,December
12,-2.57,1881,jan,1,January
13,-2.32,1881,feb,2,February
14,-1.43,1881,mar,3,March
15,-0.43,1881,apr,4,April
16,0.49,1881,may,5,May
17,0.96,1881,jun,6,June
18,1.35,1881,jul,7,July
19,1.27,1881,aug,8,August
20,0.51,1881,sep,9,September
21,-0.57,1881,,10,October
22,-1.67,1881,nov,11,November
23,-2.26,1881,dec,12,December
24,-2.27,1882,jan,1,January
25,-2.0,1882,feb,2,February
26,-1.44,1882,mar,3,March
27,-0.66,1882,apr,4,April
28,0.31,1882,may,5,May
29,0.9,1882,jun,6,June
30,1.21,1882,jul,7,July
31,1.24,1882,aug,8,August
32,0.55,1882,sep,9,September
33,-0.61,1882,,10,October
34,-1.61,1882,nov,11,November
35,-2.4,1882,dec,12,December
36,-2.73,1883,jan,1,January
37,-2.54,1883,feb,2,February
38,-1.6,1883,mar,3,March
39,-0.64,1883,apr,4,April
40,0.27,1883,may,5,May
41,1.03,1883,jun,6,June
42,1.34,1883,jul,7,July
43,1.15,1883,aug,8,August
44,0.44,1883,sep,9,September
45,-0.5,1883,,10,October
46,-1.67,1883,nov,11,November
47,-2.31,1883,dec,12,December
48,-2.57,1884,jan,1,January
49,-2.23,1884,feb,2,February
50,-1.84,1884,mar,3,March
51,-0.9,1884,apr,4,April
52,0.1,1884,may,5,May
53,0.75,1884,jun,6,June
54,1.07,1884,jul,7,July
55,1.04,1884,aug,8,August
56,0.38,1884,sep,9,September
57,-0.6,1884,,10,October
58,-1.75,1884,nov,11,November
59,-2.44,1884,dec,12,December
60,-3.0,1885,jan,1,January
61,-2.45,1885,feb,2,February
62,-1.72,1885,mar,3,March
63,-0.89,1885,apr,4,April
64,0.05,1885,may,5,May
65,0.72,1885,jun,6,June
66,1.06,1885,jul,7,July
67,0.98,1885,aug,8,August
68,0.41,1885,sep,9,September
69,-0.55,1885,,10,October
70,-1.65,1885,nov,11,November
71,-2.2,1885,dec,12,December
72,-2.83,1886,jan,1,January
73,-2.6,1886,feb,2,February
74,-1.86,1886,mar,3,March
75,-0.75,1886,apr,4,April
76,0.21,1886,may,5,May
77,0.77,1886,jun,6,June
78,1.2,1886,jul,7,July
79,0.96,1886,aug,8,August
80,0.39,1886,sep,9,September
81,-0.65,1886,,10,October
82,-1.76,1886,nov,11,November
83,-2.42,1886,dec,12,December
84,-3.14,1887,jan,1,January
85,-2.67,1887,feb,2,February
86,-1.81,1887,mar,3,March
87,-0.86,1887,apr,4,April
88,0.15,1887,may,5,May
89,0.92,1887,jun,6,June
90,1.19,1887,jul,7,July
91,0.98,1887,aug,8,August
92,0.42,1887,sep,9,September
93,-0.69,1887,,10,October
94,-1.68,1887,nov,11,November
95,-2.49,1887,dec,12,December
96,-2.79,1888,jan,1,January
97,-2.51,1888,feb,2,February
98,-1.88,1888,mar,3,March
99,-0.69,1888,apr,4,April
100,0.25,1888,may,5,May
101,0.98,1888,jun,6,June
102,1.33,1888,jul,7,July
103,1.14,1888,aug,8,August
104,0.55,1888,sep,9,September
105,-0.34,1888,,10,October
106,-1.44,1888,nov,11,November
107,-2.21,1888,dec,12,December
108,-2.52,1889,jan,1,January
109,-1.96,1889,feb,2,February
110,-1.39,1889,mar,3,March
111,-0.4,1889,apr,4,April
112,0.45,1889,may,5,May
113,1.02,1889,jun,6,June
114,1.32,1889,jul,7,July
115,1.1,1889,aug,8,August
116,0.43,1889,sep,9,September
117,-0.58,1889,,10,October
118,-1.78,1889,nov,11,November
119,-2.45,1889,dec,12,December
120,-2.85,1890,jan,1,January
121,-2.6,1890,feb,2,February
122,-1.87,1890,mar,3,March
123,-0.84,1890,apr,4,April
124,0.02,1890,may,5,May
125,0.89,1890,jun,6,June
126,1.15,1890,jul,7,July
127,0.92,1890,aug,8,August
128,0.26,1890,sep,9,September
129,-0.6,1890,,10,October
130,-1.93,1890,nov,11,November
131,-2.46,1890,dec,12,December
132,-2.83,1891,jan,1,January
133,-2.62,1891,feb,2,February
134,-1.66,1891,mar,3,March
135,-0.75,1891,apr,4,April
136,0.29,1891,may,5,May
137,0.96,1891,jun,6,June
138,1.22,1891,jul,7,July
139,1.14,1891,aug,8,August
140,0.51,1891,sep,9,September
141,-0.57,1891,,10,October
142,-1.8,1891,nov,11,November
143,-2.19,1891,dec,12,December
144,-2.69,1892,jan,1,January
145,-2.27,1892,feb,2,February
146,-1.82,1892,mar,3,March
147,-0.82,1892,apr,4,April
148,0.22,1892,may,5,May
149,0.93,1892,jun,6,June
150,1.1,1892,jul,7,July
151,1.05,1892,aug,8,August
152,0.52,1892,sep,9,September
153,-0.49,1892,,10,October
154,-1.87,1892,nov,11,November
155,-2.54,1892,dec,12,December
156,-3.21,1893,jan,1,January
157,-2.69,1893,feb,2,February
158,-1.7,1893,mar,3,March
159,-0.77,1893,apr,4,April
160,0.11,1893,may,5,May
161,0.87,1893,jun,6,June
162,1.26,1893,jul,7,July
163,1.03,1893,aug,8,August
164,0.45,1893,sep,9,September
165,-0.53,1893,,10,October
166,-1.62,1893,nov,11,November
167,-2.5,1893,dec,12,December
168,-2.95,1894,jan,1,January
169,-2.48,1894,feb,2,February
170,-1.72,1894,mar,3,March
171,-0.95,1894,apr,4,April
172,0.12,1894,may,5,May
173,0.72,1894,jun,6,June
174,1.16,1894,jul,7,July
175,1.08,1894,aug,8,August
176,0.4,1894,sep,9,September
177,-0.57,1894,,10,October
178,-1.7,1894,nov,11,November
179,-2.35,1894,dec,12,December
180,-2.85,1895,jan,1,January
181,-2.57,1895,feb,2,February
182,-1.76,1895,mar,3,March
183,-0.72,1895,apr,4,April
184,0.2,1895,may,5,May
185,0.92,1895,jun,6,June
186,1.24,1895,jul,7,July
187,1.14,1895,aug,8,August
188,0.56,1895,sep,9,September
189,-0.44,1895,,10,October
190,-1.6,1895,nov,11,November
191,-2.31,1895,dec,12,December
192,-2.67,1896,jan,1,January
193,-2.29,1896,feb,2,February
194,-1.73,1896,mar,3,March
195,-0.78,1896,apr,4,April
196,0.29,1896,may,5,May
197,1.02,1896,jun,6,June
198,1.38,1896,jul,7,July
199,1.26,1896,aug,8,August
200,0.62,1896,sep,9,September
201,-0.25,1896,,10,October
202,-1.53,1896,nov,11,November
203,-2.19,1896,dec,12,December
204,-2.56,1897,jan,1,January
205,-2.3,1897,feb,2,February
206,-1.61,1897,mar,3,March
207,-0.49,1897,apr,4,April
208,0.42,1897,may,5,May
209,1.0,1897,jun,6,June
210,1.35,1897,jul,7,July
211,1.19,1897,aug,8,August
212,0.57,1897,sep,9,September
213,-0.48,1897,,10,October
214,-1.64,1897,nov,11,November
215,-2.34,1897,dec,12,December
216,-2.44,1898,jan,1,January
217,-2.45,1898,feb,2,February
218,-1.99,1898,mar,3,March
219,-0.8,1898,apr,4,April
220,0.15,1898,may,5,May
221,0.95,1898,jun,6,June
222,1.18,1898,jul,7,July
223,1.05,1898,aug,8,August
224,0.43,1898,sep,9,September
225,-0.69,1898,,10,October
226,-1.83,1898,nov,11,November
227,-2.4,1898,dec,12,December
228,-2.6,1899,jan,1,January
229,-2.55,1899,feb,2,February
230,-1.81,1899,mar,3,March
231,-0.68,1899,apr,4,April
232,0.24,1899,may,5,May
233,0.83,1899,jun,6,June
234,1.24,1899,jul,7,July
235,1.23,1899,aug,8,August
236,0.62,1899,sep,9,September
237,-0.41,1899,,10,October
238,-1.33,1899,nov,11,November
239,-2.43,1899,dec,12,December
240,-2.78,1900,jan,1,January
241,-2.18,1900,feb,2,February
242,-1.46,1900,mar,3,March
243,-0.59,1900,apr,4,April
244,0.37,1900,may,5,May
245,1.03,1900,jun,6,June
246,1.29,1900,jul,7,July
247,1.2,1900,aug,8,August
248,0.6,1900,sep,9,September
249,-0.27,1900,,10,October
250,-1.55,1900,nov,11,November
251,-2.22,1900,dec,12,December
252,-2.65,1901,jan,1,January
253,-2.19,1901,feb,2,February
254,-1.39,1901,mar,3,March
255,-0.51,1901,apr,4,April
256,0.3,1901,may,5,May
257,1.03,1901,jun,6,June
258,1.26,1901,jul,7,July
259,1.1,1901,aug,8,August
260,0.43,1901,sep,9,September
261,-0.67,1901,,10,October
262,-1.62,1901,nov,11,November
263,-2.43,1901,dec,12,December
264,-2.61,1902,jan,1,January
265,-2.18,1902,feb,2,February
266,-1.76,1902,mar,3,March
267,-0.77,1902,apr,4,April
268,0.12,1902,may,5,May
269,0.81,1902,jun,6,June
270,1.12,1902,jul,7,July
271,0.98,1902,aug,8,August
272,0.36,1902,sep,9,September
273,-0.65,1902,,10,October
274,-1.84,1902,nov,11,November
275,-2.61,1902,dec,12,December
276,-2.67,1903,jan,1,January
277,-2.19,1903,feb,2,February
278,-1.71,1903,mar,3,March
279,-0.9,1903,apr,4,April
280,0.03,1903,may,5,May
281,0.7,1903,jun,6,June
282,1.05,1903,jul,7,July
283,0.81,1903,aug,8,August
284,0.16,1903,sep,9,September
285,-0.84,1903,,10,October
286,-1.9,1903,nov,11,November
287,-2.67,1903,dec,12,December
288,-3.09,1904,jan,1,January
289,-2.73,1904,feb,2,February
290,-1.98,1904,mar,3,March
291,-1.02,1904,apr,4,April
292,-0.09,1904,may,5,May
293,0.65,1904,jun,6,June
294,0.88,1904,jul,7,July
295,0.8,1904,aug,8,August
296,0.12,1904,sep,9,September
297,-0.76,1904,,10,October
298,-1.67,1904,nov,11,November
299,-2.5,1904,dec,12,December
300,-2.81,1905,jan,1,January
301,-2.74,1905,feb,2,February
302,-1.71,1905,mar,3,March
303,-0.83,1905,apr,4,April
304,0.14,1905,may,5,May
305,0.85,1905,jun,6,June
306,1.13,1905,jul,7,July
307,1.08,1905,aug,8,August
308,0.46,1905,sep,9,September
309,-0.61,1905,,10,October
310,-1.55,1905,nov,11,November
311,-2.34,1905,dec,12,December
312,-2.69,1906,jan,1,January
313,-2.46,1906,feb,2,February
314,-1.63,1906,mar,3,March
315,-0.51,1906,apr,4,April
316,0.23,1906,may,5,May
317,0.95,1906,jun,6,June
318,1.17,1906,jul,7,July
319,1.1,1906,aug,8,August
320,0.38,1906,sep,9,September
321,-0.55,1906,,10,October
322,-1.84,1906,nov,11,November
323,-2.31,1906,dec,12,December
324,-2.83,1907,jan,1,January
325,-2.66,1907,feb,2,February
326,-1.74,1907,mar,3,March
327,-0.86,1907,apr,4,April
328,0.0,1907,may,5,May
329,0.72,1907,jun,6,June
330,1.05,1907,jul,7,July
331,0.95,1907,aug,8,August
332,0.32,1907,sep,9,September
333,-0.6,1907,,10,October
334,-1.94,1907,nov,11,November
335,-2.63,1907,dec,12,December
336,-2.85,1908,jan,1,January
337,-2.46,1908,feb,2,February
338,-2.01,1908,mar,3,March
339,-0.93,1908,apr,4,April
340,0.06,1908,may,5,May
341,0.75,1908,jun,6,June
342,1.02,1908,jul,7,July
343,0.84,1908,aug,8,August
344,0.29,1908,sep,9,September
345,-0.81,1908,,10,October
346,-1.95,1908,nov,11,November
347,-2.64,1908,dec,12,December
348,-3.1,1909,jan,1,January
349,-2.62,1909,feb,2,February
350,-1.98,1909,mar,3,March
351,-1.07,1909,apr,4,April
352,-0.09,1909,may,5,May
353,0.63,1909,jun,6,June
354,0.97,1909,jul,7,July
355,0.99,1909,aug,8,August
356,0.3,1909,sep,9,September
357,-0.73,1909,,10,October
358,-1.76,1909,nov,11,November
359,-2.7,1909,dec,12,December
360,-2.86,1910,jan,1,January
361,-2.59,1910,feb,2,February
362,-1.98,1910,mar,3,March
363,-0.87,1910,apr,4,April
364,0.12,1910,may,5,May
365,0.78,1910,jun,6,June
366,1.07,1910,jul,7,July
367,0.93,1910,aug,8,August
368,0.29,1910,sep,9,September
369,-0.74,1910,,10,October
370,-1.99,1910,nov,11,November
371,-2.81,1910,dec,12,December
372,-3.05,1911,jan,1,January
373,-2.73,1911,feb,2,February
374,-2.07,1911,mar,3,March
375,-1.01,1911,apr,4,April
376,-0.05,1911,may,5,May
377,0.68,1911,jun,6,June
378,1.01,1911,jul,7,July
379,0.88,1911,aug,8,August
380,0.27,1911,sep,9,September
381,-0.59,1911,,10,October
382,-1.63,1911,nov,11,November
383,-2.37,1911,dec,12,December
384,-2.67,1912,jan,1,January
385,-2.27,1912,feb,2,February
386,-1.82,1912,mar,3,March
387,-0.67,1912,apr,4,April
388,0.25,1912,may,5,May
389,0.9,1912,jun,6,June
390,0.98,1912,jul,7,July
391,0.75,1912,aug,8,August
392,0.14,1912,sep,9,September
393,-0.93,1912,,10,October
394,-1.83,1912,nov,11,November
395,-2.58,1912,dec,12,December
396,-2.83,1913,jan,1,January
397,-2.58,1913,feb,2,February
398,-1.9,1913,mar,3,March
399,-0.87,1913,apr,4,April
400,0.0,1913,may,5,May
401,0.67,1913,jun,6,June
402,1.05,1913,jul,7,July
403,0.96,1913,aug,8,August
404,0.29,1913,sep,9,September
405,-0.7,1913,,10,October
406,-1.64,1913,nov,11,November
407,-2.19,1913,dec,12,December
408,-2.37,1914,jan,1,January
409,-2.26,1914,feb,2,February
410,-1.69,1914,mar,3,March
411,-0.76,1914,apr,4,April
412,0.24,1914,may,5,May
413,0.9,1914,jun,6,June
414,1.18,1914,jul,7,July
415,1.16,1914,aug,8,August
416,0.52,1914,sep,9,September
417,-0.4,1914,,10,October
418,-1.63,1914,nov,11,November
419,-2.23,1914,dec,12,December
420,-2.58,1915,jan,1,January
421,-2.15,1915,feb,2,February
422,-1.57,1915,mar,3,March
423,-0.41,1915,apr,4,April
424,0.4,1915,may,5,May
425,0.95,1915,jun,6,June
426,1.31,1915,jul,7,July
427,1.1,1915,aug,8,August
428,0.48,1915,sep,9,September
429,-0.61,1915,,10,October
430,-1.58,1915,nov,11,November
431,-2.32,1915,dec,12,December
432,-2.5,1916,jan,1,January
433,-2.28,1916,feb,2,February
434,-1.75,1916,mar,3,March
435,-0.77,1916,apr,4,April
436,0.15,1916,may,5,May
437,0.69,1916,jun,6,June
438,1.06,1916,jul,7,July
439,1.04,1916,aug,8,August
440,0.33,1916,sep,9,September
441,-0.63,1916,,10,October
442,-1.85,1916,nov,11,November
443,-2.95,1916,dec,12,December
444,-2.99,1917,jan,1,January
445,-2.76,1917,feb,2,February
446,-2.07,1917,mar,3,March
447,-0.98,1917,apr,4,April
448,-0.08,1917,may,5,May
449,0.73,1917,jun,6,June
450,1.17,1917,jul,7,July
451,1.08,1917,aug,8,August
452,0.47,1917,sep,9,September
453,-0.76,1917,,10,October
454,-1.73,1917,nov,11,November
455,-2.83,1917,dec,12,December
456,-2.83,1918,jan,1,January
457,-2.47,1918,feb,2,February
458,-1.72,1918,mar,3,March
459,-0.92,1918,apr,4,April
460,0.01,1918,may,5,May
461,0.8,1918,jun,6,June
462,1.11,1918,jul,7,July
463,1.0,1918,aug,8,August
464,0.5,1918,sep,9,September
465,-0.41,1918,,10,October
466,-1.56,1918,nov,11,November
467,-2.43,1918,dec,12,December
468,-2.61,1919,jan,1,January
469,-2.38,1919,feb,2,February
470,-1.67,1919,mar,3,March
471,-0.61,1919,apr,4,April
472,0.19,1919,may,5,May
473,0.78,1919,jun,6,June
474,1.13,1919,jul,7,July
475,0.97,1919,aug,8,August
476,0.43,1919,sep,9,September
477,-0.55,1919,,10,October
478,-1.86,1919,nov,11,November
479,-2.57,1919,dec,12,December
480,-2.64,1920,jan,1,January
481,-2.38,1920,feb,2,February
482,-1.55,1920,mar,3,March
483,-0.73,1920,apr,4,April
484,0.2,1920,may,5,May
485,0.8,1920,jun,6,June
486,1.1,1920,jul,7,July
487,1.05,1920,aug,8,August
488,0.45,1920,sep,9,September
489,-0.63,1920,,10,October
490,-1.72,1920,nov,11,November
491,-2.59,1920,dec,12,December
492,-2.44,1921,jan,1,January
493,-2.34,1921,feb,2,February
494,-1.7,1921,mar,3,March
495,-0.76,1921,apr,4,April
496,0.18,1921,may,5,May
497,0.88,1921,jun,6,June
498,1.27,1921,jul,7,July
499,1.06,1921,aug,8,August
500,0.48,1921,sep,9,September
501,-0.39,1921,,10,October
502,-1.58,1921,nov,11,November
503,-2.32,1921,dec,12,December
504,-2.75,1922,jan,1,January
505,-2.59,1922,feb,2,February
506,-1.6,1922,mar,3,March
507,-0.71,1922,apr,4,April
508,0.14,1922,may,5,May
509,0.83,1922,jun,6,June
510,1.17,1922,jul,7,July
511,0.99,1922,aug,8,August
512,0.33,1922,sep,9,September
513,-0.68,1922,,10,October
514,-1.59,1922,nov,11,November
515,-2.33,1922,dec,12,December
516,-2.7,1923,jan,1,January
517,-2.52,1923,feb,2,February
518,-1.82,1923,mar,3,March
519,-0.87,1923,apr,4,April
520,0.13,1923,may,5,May
521,0.9,1923,jun,6,June
522,1.12,1923,jul,7,July
523,1.0,1923,aug,8,August
524,0.37,1923,sep,9,September
525,-0.47,1923,,10,October
526,-1.44,1923,nov,11,November
527,-2.17,1923,dec,12,December
528,-2.63,1924,jan,1,January
529,-2.39,1924,feb,2,February
530,-1.54,1924,mar,3,March
531,-0.78,1924,apr,4,April
532,0.29,1924,may,5,May
533,0.93,1924,jun,6,June
534,1.16,1924,jul,7,July
535,0.96,1924,aug,8,August
536,0.34,1924,sep,9,September
537,-0.7,1924,,10,October
538,-1.65,1924,nov,11,November
539,-2.56,1924,dec,12,December
540,-2.77,1925,jan,1,January
541,-2.53,1925,feb,2,February
542,-1.72,1925,mar,3,March
543,-0.72,1925,apr,4,April
544,0.17,1925,may,5,May
545,0.84,1925,jun,6,June
546,1.14,1925,jul,7,July
547,1.15,1925,aug,8,August
548,0.49,1925,sep,9,September
549,-0.54,1925,,10,October
550,-1.41,1925,nov,11,November
551,-2.06,1925,dec,12,December
552,-2.22,1926,jan,1,January
553,-2.09,1926,feb,2,February
554,-1.36,1926,mar,3,March
555,-0.6,1926,apr,4,April
556,0.25,1926,may,5,May
557,0.93,1926,jun,6,June
558,1.18,1926,jul,7,July
559,1.17,1926,aug,8,August
560,0.52,1926,sep,9,September
561,-0.46,1926,,10,October
562,-1.5,1926,nov,11,November
563,-2.43,1926,dec,12,December
564,-2.68,1927,jan,1,January
565,-2.33,1927,feb,2,February
566,-1.84,1927,mar,3,March
567,-0.78,1927,apr,4,April
568,0.22,1927,may,5,May
569,0.9,1927,jun,6,June
570,1.26,1927,jul,7,July
571,1.09,1927,aug,8,August
572,0.54,1927,sep,9,September
573,-0.37,1927,,10,October
574,-1.49,1927,nov,11,November
575,-2.48,1927,dec,12,December
576,-2.42,1928,jan,1,January
577,-2.23,1928,feb,2,February
578,-1.74,1928,mar,3,March
579,-0.75,1928,apr,4,April
580,0.17,1928,may,5,May
581,0.79,1928,jun,6,June
582,1.23,1928,jul,7,July
583,1.07,1928,aug,8,August
584,0.46,1928,sep,9,September
585,-0.53,1928,,10,October
586,-1.54,1928,nov,11,November
587,-2.33,1928,dec,12,December
588,-2.87,1929,jan,1,January
589,-2.75,1929,feb,2,February
590,-1.79,1929,mar,3,March
591,-0.87,1929,apr,4,April
592,0.08,1929,may,5,May
593,0.75,1929,jun,6,June
594,1.09,1929,jul,7,July
595,1.01,1929,aug,8,August
596,0.42,1929,sep,9,September
597,-0.48,1929,,10,October
598,-1.57,1929,nov,11,November
599,-2.69,1929,dec,12,December
600,-2.71,1930,jan,1,January
601,-2.42,1930,feb,2,February
602,-1.56,1930,mar,3,March
603,-0.71,1930,apr,4,April
604,0.24,1930,may,5,May
605,0.96,1930,jun,6,June
606,1.22,1930,jul,7,July
607,1.18,1930,aug,8,August
608,0.53,1930,sep,9,September
609,-0.45,1930,,10,October
610,-1.3,1930,nov,11,November
611,-2.23,1930,dec,12,December
612,-2.51,1931,jan,1,January
613,-2.39,1931,feb,2,February
614,-1.55,1931,mar,3,March
615,-0.68,1931,apr,4,April
616,0.27,1931,may,5,May
617,1.09,1931,jun,6,June
618,1.39,1931,jul,7,July
619,1.27,1931,aug,8,August
620,0.59,1931,sep,9,September
621,-0.34,1931,,10,October
622,-1.57,1931,nov,11,November
623,-2.24,1931,dec,12,December
624,-2.27,1932,jan,1,January
625,-2.33,1932,feb,2,February
626,-1.66,1932,mar,3,March
627,-0.53,1932,apr,4,April
628,0.29,1932,may,5,May
629,0.87,1932,jun,6,June
630,1.18,1932,jul,7,July
631,1.07,1932,aug,8,August
632,0.53,1932,sep,9,September
633,-0.46,1932,,10,October
634,-1.72,1932,nov,11,November
635,-2.41,1932,dec,12,December
636,-2.75,1933,jan,1,January
637,-2.49,1933,feb,2,February
638,-1.77,1933,mar,3,March
639,-0.72,1933,apr,4,April
640,0.18,1933,may,5,May
641,0.83,1933,jun,6,June
642,1.21,1933,jul,7,July
643,1.06,1933,aug,8,August
644,0.38,1933,sep,9,September
645,-0.57,1933,,10,October
646,-1.75,1933,nov,11,November
647,-2.61,1933,dec,12,December
648,-2.65,1934,jan,1,January
649,-2.19,1934,feb,2,February
650,-1.8,1934,mar,3,March
651,-0.77,1934,apr,4,April
652,0.36,1934,may,5,May
653,1.01,1934,jun,6,June
654,1.32,1934,jul,7,July
655,1.19,1934,aug,8,August
656,0.49,1934,sep,9,September
657,-0.44,1934,,10,October
658,-1.42,1934,nov,11,November
659,-2.19,1934,dec,12,December
660,-2.74,1935,jan,1,January
661,-2.0,1935,feb,2,February
662,-1.6,1935,mar,3,March
663,-0.83,1935,apr,4,April
664,0.17,1935,may,5,May
665,0.89,1935,jun,6,June
666,1.2,1935,jul,7,July
667,1.08,1935,aug,8,August
668,0.44,1935,sep,9,September
669,-0.44,1935,,10,October
670,-1.73,1935,nov,11,November
671,-2.35,1935,dec,12,December
672,-2.69,1936,jan,1,January
673,-2.54,1936,feb,2,February
674,-1.69,1936,mar,3,March
675,-0.67,1936,apr,4,April
676,0.29,1936,may,5,May
677,0.95,1936,jun,6,June
678,1.34,1936,jul,7,July
679,1.17,1936,aug,8,August
680,0.56,1936,sep,9,September
681,-0.4,1936,,10,October
682,-1.49,1936,nov,11,November
683,-2.18,1936,dec,12,December
684,-2.54,1937,jan,1,January
685,-2.11,1937,feb,2,February
686,-1.65,1937,mar,3,March
687,-0.64,1937,apr,4,April
688,0.39,1937,may,5,May
689,1.11,1937,jun,6,June
690,1.37,1937,jul,7,July
691,1.32,1937,aug,8,August
692,0.76,1937,sep,9,September
693,-0.28,1937,,10,October
694,-1.36,1937,nov,11,November
695,-2.26,1937,dec,12,December
696,-2.4,1938,jan,1,January
697,-2.17,1938,feb,2,February
698,-1.39,1938,mar,3,March
699,-0.43,1938,apr,4,April
700,0.37,1938,may,5,May
701,0.98,1938,jun,6,June
702,1.33,1938,jul,7,July
703,1.24,1938,aug,8,August
704,0.67,1938,sep,9,September
705,-0.25,1938,,10,October
706,-1.41,1938,nov,11,November
707,-2.37,1938,dec,12,December
708,-2.48,1939,jan,1,January
709,-2.23,1939,feb,2,February
710,-1.66,1939,mar,3,March
711,-0.56,1939,apr,4,April
712,0.41,1939,may,5,May
713,1.08,1939,jun,6,June
714,1.34,1939,jul,7,July
715,1.23,1939,aug,8,August
716,0.58,1939,sep,9,September
717,-0.39,1939,,10,October
718,-1.39,1939,nov,11,November
719,-1.71,1939,dec,12,December
720,-2.47,1940,jan,1,January
721,-2.02,1940,feb,2,February
722,-1.32,1940,mar,3,March
723,-0.29,1940,apr,4,April
724,0.57,1940,may,5,May
725,1.24,1940,jun,6,June
726,1.54,1940,jul,7,July
727,1.35,1940,aug,8,August
728,0.78,1940,sep,9,September
729,-0.28,1940,,10,October
730,-1.28,1940,nov,11,November
731,-1.87,1940,dec,12,December
732,-2.2,1941,jan,1,January
733,-1.83,1941,feb,2,February
734,-1.39,1941,mar,3,March
735,-0.3,1941,apr,4,April
736,0.61,1941,may,5,May
737,1.28,1941,jun,6,June
738,1.63,1941,jul,7,July
739,1.44,1941,aug,8,August
740,0.67,1941,sep,9,September
741,-0.02,1941,,10,October
742,-1.21,1941,nov,11,November
743,-1.94,1941,dec,12,December
744,-2.15,1942,jan,1,January
745,-2.13,1942,feb,2,February
746,-1.38,1942,mar,3,March
747,-0.36,1942,apr,4,April
748,0.56,1942,may,5,May
749,1.2,1942,jun,6,June
750,1.42,1942,jul,7,July
751,1.26,1942,aug,8,August
752,0.6,1942,sep,9,September
753,-0.37,1942,,10,October
754,-1.37,1942,nov,11,November
755,-2.08,1942,dec,12,December
756,-2.45,1943,jan,1,January
757,-2.02,1943,feb,2,February
758,-1.55,1943,mar,3,March
759,-0.4,1943,apr,4,April
760,0.51,1943,may,5,May
761,1.1,1943,jun,6,June
762,1.5,1943,jul,7,July
763,1.3,1943,aug,8,August
764,0.71,1943,sep,9,September
765,-0.14,1943,,10,October
766,-1.26,1943,nov,11,November
767,-1.91,1943,dec,12,December
768,-2.06,1944,jan,1,January
769,-1.89,1944,feb,2,February
770,-1.2,1944,mar,3,March
771,-0.27,1944,apr,4,April
772,0.66,1944,may,5,May
773,1.36,1944,jun,6,June
774,1.6,1944,jul,7,July
775,1.47,1944,aug,8,August
776,0.95,1944,sep,9,September
777,-0.1,1944,,10,October
778,-1.35,1944,nov,11,November
779,-2.13,1944,dec,12,December
780,-2.32,1945,jan,1,January
781,-2.17,1945,feb,2,February
782,-1.4,1945,mar,3,March
783,-0.29,1945,apr,4,April
784,0.52,1945,may,5,May
785,1.15,1945,jun,6,June
786,1.45,1945,jul,7,July
787,1.57,1945,aug,8,August
788,0.87,1945,sep,9,September
789,-0.17,1945,,10,October
790,-1.38,1945,nov,11,November
791,-2.24,1945,dec,12,December
792,-2.26,1946,jan,1,January
793,-2.08,1946,feb,2,February
794,-1.46,1946,mar,3,March
795,-0.41,1946,apr,4,April
796,0.39,1946,may,5,May
797,0.95,1946,jun,6,June
798,1.28,1946,jul,7,July
799,1.14,1946,aug,8,August
800,0.58,1946,sep,9,September
801,-0.42,1946,,10,October
802,-1.51,1946,nov,11,November
803,-2.5,1946,dec,12,December
804,-2.54,1947,jan,1,January
805,-2.23,1947,feb,2,February
806,-1.4,1947,mar,3,March
807,-0.4,1947,apr,4,April
808,0.44,1947,may,5,May
809,1.18,1947,jun,6,June
810,1.34,1947,jul,7,July
811,1.21,1947,aug,8,August
812,0.52,1947,sep,9,September
813,-0.3,1947,,10,October
814,-1.43,1947,nov,11,November
815,-2.31,1947,dec,12,December
816,-2.34,1948,jan,1,January
817,-2.3,1948,feb,2,February
818,-1.72,1948,mar,3,March
819,-0.58,1948,apr,4,April
820,0.48,1948,may,5,May
821,1.12,1948,jun,6,June
822,1.31,1948,jul,7,July
823,1.18,1948,aug,8,August
824,0.54,1948,sep,9,September
825,-0.43,1948,,10,October
826,-1.57,1948,nov,11,November
827,-2.38,1948,dec,12,December
828,-2.32,1949,jan,1,January
829,-2.31,1949,feb,2,February
830,-1.49,1949,mar,3,March
831,-0.57,1949,apr,4,April
832,0.39,1949,may,5,May
833,0.93,1949,jun,6,June
834,1.28,1949,jul,7,July
835,1.18,1949,aug,8,August
836,0.51,1949,sep,9,September
837,-0.42,1949,,10,October
838,-1.55,1949,nov,11,November
839,-2.37,1949,dec,12,December
840,-2.74,1950,jan,1,January
841,-2.43,1950,feb,2,February
842,-1.54,1950,mar,3,March
843,-0.67,1950,apr,4,April
844,0.38,1950,may,5,May
845,1.13,1950,jun,6,June
846,1.32,1950,jul,7,July
847,1.14,1950,aug,8,August
848,0.53,1950,sep,9,September
849,-0.58,1950,,10,October
850,-1.83,1950,nov,11,November
851,-2.35,1950,dec,12,December
852,-2.76,1951,jan,1,January
853,-2.58,1951,feb,2,February
854,-1.68,1951,mar,3,March
855,-0.6,1951,apr,4,April
856,0.47,1951,may,5,May
857,1.14,1951,jun,6,June
858,1.45,1951,jul,7,July
859,1.36,1951,aug,8,August
860,0.73,1951,sep,9,September
861,-0.31,1951,,10,October
862,-1.47,1951,nov,11,November
863,-2.01,1951,dec,12,December
864,-2.28,1952,jan,1,January
865,-2.04,1952,feb,2,February
866,-1.57,1952,mar,3,March
867,-0.45,1952,apr,4,April
868,0.45,1952,may,5,May
869,1.12,1952,jun,6,June
870,1.46,1952,jul,7,July
871,1.34,1952,aug,8,August
872,0.72,1952,sep,9,September
873,-0.37,1952,,10,October
874,-1.59,1952,nov,11,November
875,-2.16,1952,dec,12,December
876,-2.33,1953,jan,1,January
877,-2.01,1953,feb,2,February
878,-1.36,1953,mar,3,March
879,-0.29,1953,apr,4,April
880,0.56,1953,may,5,May
881,1.26,1953,jun,6,June
882,1.42,1953,jul,7,July
883,1.36,1953,aug,8,August
884,0.69,1953,sep,9,September
885,-0.3,1953,,10,October
886,-1.51,1953,nov,11,November
887,-2.13,1953,dec,12,December
888,-2.69,1954,jan,1,January
889,-2.28,1954,feb,2,February
890,-1.62,1954,mar,3,March
891,-0.64,1954,apr,4,April
892,0.26,1954,may,5,May
893,0.99,1954,jun,6,June
894,1.23,1954,jul,7,July
895,1.13,1954,aug,8,August
896,0.55,1954,sep,9,September
897,-0.4,1954,,10,October
898,-1.39,1954,nov,11,November
899,-2.37,1954,dec,12,December
900,-2.27,1955,jan,1,January
901,-2.32,1955,feb,2,February
902,-1.81,1955,mar,3,March
903,-0.68,1955,apr,4,April
904,0.26,1955,may,5,May
905,1.04,1955,jun,6,June
906,1.3,1955,jul,7,July
907,1.31,1955,aug,8,August
908,0.54,1955,sep,9,September
909,-0.41,1955,,10,October
910,-1.69,1955,nov,11,November
911,-2.45,1955,dec,12,December
912,-2.57,1956,jan,1,January
913,-2.41,1956,feb,2,February
914,-1.7,1956,mar,3,March
915,-0.74,1956,apr,4,April
916,0.16,1956,may,5,May
917,1.0,1956,jun,6,June
918,1.3,1956,jul,7,July
919,1.04,1956,aug,8,August
920,0.45,1956,sep,9,September
921,-0.6,1956,,10,October
922,-1.62,1956,nov,11,November
923,-2.23,1956,dec,12,December
924,-2.52,1957,jan,1,January
925,-2.19,1957,feb,2,February
926,-1.53,1957,mar,3,March
927,-0.48,1957,apr,4,April
928,0.56,1957,may,5,May
929,1.32,1957,jun,6,June
930,1.43,1957,jul,7,July
931,1.45,1957,aug,8,August
932,0.74,1957,sep,9,September
933,-0.35,1957,,10,October
934,-1.39,1957,nov,11,November
935,-1.99,1957,dec,12,December
936,-2.02,1958,jan,1,January
937,-1.91,1958,feb,2,February
938,-1.36,1958,mar,3,March
939,-0.44,1958,apr,4,April
940,0.54,1958,may,5,May
941,1.09,1958,jun,6,June
942,1.47,1958,jul,7,July
943,1.27,1958,aug,8,August
944,0.63,1958,sep,9,September
945,-0.32,1958,,10,October
946,-1.43,1958,nov,11,November
947,-2.15,1958,dec,12,December
948,-2.33,1959,jan,1,January
949,-2.06,1959,feb,2,February
950,-1.29,1959,mar,3,March
951,-0.34,1959,apr,4,April
952,0.51,1959,may,5,May
953,1.18,1959,jun,6,June
954,1.48,1959,jul,7,July
955,1.29,1959,aug,8,August
956,0.59,1959,sep,9,September
957,-0.45,1959,,10,October
958,-1.54,1959,nov,11,November
959,-2.16,1959,dec,12,December
960,-2.42,1960,jan,1,January
961,-1.99,1960,feb,2,February
962,-1.81,1960,mar,3,March
963,-0.61,1960,apr,4,April
964,0.4,1960,may,5,May
965,1.12,1960,jun,6,June
966,1.39,1960,jul,7,July
967,1.31,1960,aug,8,August
968,0.72,1960,sep,9,September
969,-0.29,1960,,10,October
970,-1.57,1960,nov,11,November
971,-1.97,1960,dec,12,December
972,-2.34,1961,jan,1,January
973,-1.96,1961,feb,2,February
974,-1.38,1961,mar,3,March
975,-0.35,1961,apr,4,April
976,0.58,1961,may,5,May
977,1.27,1961,jun,6,June
978,1.42,1961,jul,7,July
979,1.33,1961,aug,8,August
980,0.72,1961,sep,9,September
981,-0.36,1961,,10,October
982,-1.42,1961,nov,11,November
983,-2.3,1961,dec,12,December
984,-2.34,1962,jan,1,January
985,-2.01,1962,feb,2,February
986,-1.35,1962,mar,3,March
987,-0.43,1962,apr,4,April
988,0.43,1962,may,5,May
989,1.2,1962,jun,6,June
990,1.44,1962,jul,7,July
991,1.29,1962,aug,8,August
992,0.66,1962,sep,9,September
993,-0.36,1962,,10,October
994,-1.38,1962,nov,11,November
995,-2.15,1962,dec,12,December
996,-2.43,1963,jan,1,January
997,-1.95,1963,feb,2,February
998,-1.61,1963,mar,3,March
999,-0.53,1963,apr,4,April
1000,0.43,1963,may,5,May
1001,1.21,1963,jun,6,June
1002,1.5,1963,jul,7,July
1003,1.57,1963,aug,8,August
1004,0.85,1963,sep,9,September
1005,-0.21,1963,,10,October
1006,-1.3,1963,nov,11,November
1007,-2.16,1963,dec,12,December
1008,-2.49,1964,jan,1,January
1009,-2.28,1964,feb,2,February
1010,-1.7,1964,mar,3,March
1011,-0.78,1964,apr,4,April
1012,0.22,1964,may,5,May
1013,1.14,1964,jun,6,June
1014,1.39,1964,jul,7,July
1015,1.09,1964,aug,8,August
1016,0.36,1964,sep,9,September
1017,-0.67,1964,,10,October
1018,-1.66,1964,nov,11,November
1019,-2.45,1964,dec,12,December
1020,-2.49,1965,jan,1,January
1021,-2.32,1965,feb,2,February
1022,-1.58,1965,mar,3,March
1023,-0.66,1965,apr,4,April
1024,0.33,1965,may,5,May
1025,1.07,1965,jun,6,June
1026,1.3,1965,jul,7,July
1027,1.27,1965,aug,8,August
1028,0.49,1965,sep,9,September
1029,-0.41,1965,,10,October
1030,-1.52,1965,nov,11,November
1031,-2.21,1965,dec,12,December
1032,-2.58,1966,jan,1,January
1033,-2.16,1966,feb,2,February
1034,-1.42,1966,mar,3,March
1035,-0.59,1966,apr,4,April
1036,0.36,1966,may,5,May
1037,1.17,1966,jun,6,June
1038,1.51,1966,jul,7,July
1039,1.22,1966,aug,8,August
1040,0.63,1966,sep,9,September
1041,-0.51,1966,,10,October
1042,-1.47,1966,nov,11,November
1043,-2.21,1966,dec,12,December
1044,-2.47,1967,jan,1,January
1045,-2.36,1967,feb,2,February
1046,-1.43,1967,mar,3,March
1047,-0.52,1967,apr,4,April
1048,0.61,1967,may,5,May
1049,1.08,1967,jun,6,June
1050,1.43,1967,jul,7,July
1051,1.31,1967,aug,8,August
1052,0.59,1967,sep,9,September
1053,-0.28,1967,,10,October
1054,-1.52,1967,nov,11,November
1055,-2.18,1967,dec,12,December
1056,-2.66,1968,jan,1,January
1057,-2.3,1968,feb,2,February
1058,-1.27,1968,mar,3,March
1059,-0.53,1968,apr,4,April
1060,0.34,1968,may,5,May
1061,1.08,1968,jun,6,June
1062,1.3,1968,jul,7,July
1063,1.21,1968,aug,8,August
1064,0.47,1968,sep,9,September
1065,-0.26,1968,,10,October
1066,-1.48,1968,nov,11,November
1067,-2.28,1968,dec,12,December
1068,-2.52,1969,jan,1,January
1069,-2.29,1969,feb,2,February
1070,-1.46,1969,mar,3,March
1071,-0.29,1969,apr,4,April
1072,0.66,1969,may,5,May
1073,1.21,1969,jun,6,June
1074,1.4,1969,jul,7,July
1075,1.33,1969,aug,8,August
1076,0.74,1969,sep,9,September
1077,-0.23,1969,,10,October
1078,-1.32,1969,nov,11,November
1079,-1.88,1969,dec,12,December
1080,-2.32,1970,jan,1,January
1081,-1.93,1970,feb,2,February
1082,-1.39,1970,mar,3,March
1083,-0.38,1970,apr,4,April
1084,0.43,1970,may,5,May
1085,1.14,1970,jun,6,June
1086,1.4,1970,jul,7,July
1087,1.21,1970,aug,8,August
1088,0.76,1970,sep,9,September
1089,-0.3,1970,,10,October
1090,-1.43,1970,nov,11,November
1091,-2.27,1970,dec,12,December
1092,-2.43,1971,jan,1,January
1093,-2.35,1971,feb,2,February
1094,-1.64,1971,mar,3,March
1095,-0.55,1971,apr,4,April
1096,0.42,1971,may,5,May
1097,0.97,1971,jun,6,June
1098,1.31,1971,jul,7,July
1099,1.27,1971,aug,8,August
1100,0.61,1971,sep,9,September
1101,-0.42,1971,,10,October
1102,-1.5,1971,nov,11,November
1103,-2.24,1971,dec,12,December
1104,-2.65,1972,jan,1,January
1105,-2.32,1972,feb,2,February
1106,-1.45,1972,mar,3,March
1107,-0.47,1972,apr,4,April
1108,0.43,1972,may,5,May
1109,1.22,1972,jun,6,June
1110,1.43,1972,jul,7,July
1111,1.47,1972,aug,8,August
1112,0.67,1972,sep,9,September
1113,-0.27,1972,,10,October
1114,-1.41,1972,nov,11,November
1115,-1.95,1972,dec,12,December
1116,-2.12,1973,jan,1,January
1117,-1.84,1973,feb,2,February
1118,-1.2,1973,mar,3,March
1119,-0.21,1973,apr,4,April
1120,0.73,1973,may,5,May
1121,1.34,1973,jun,6,June
1122,1.52,1973,jul,7,July
1123,1.33,1973,aug,8,August
1124,0.75,1973,sep,9,September
1125,-0.22,1973,,10,October
1126,-1.39,1973,nov,11,November
1127,-2.21,1973,dec,12,December
1128,-2.56,1974,jan,1,January
1129,-2.43,1974,feb,2,February
1130,-1.52,1974,mar,3,March
1131,-0.58,1974,apr,4,April
1132,0.45,1974,may,5,May
1133,1.1,1974,jun,6,June
1134,1.38,1974,jul,7,July
1135,1.41,1974,aug,8,August
1136,0.54,1974,sep,9,September
1137,-0.44,1974,,10,October
1138,-1.52,1974,nov,11,November
1139,-2.24,1974,dec,12,December
1140,-2.34,1975,jan,1,January
1141,-2.08,1975,feb,2,February
1142,-1.34,1975,mar,3,March
1143,-0.42,1975,apr,4,April
1144,0.63,1975,may,5,May
1145,1.17,1975,jun,6,June
1146,1.41,1975,jul,7,July
1147,1.11,1975,aug,8,August
1148,0.62,1975,sep,9,September
1149,-0.45,1975,,10,October
1150,-1.61,1975,nov,11,November
1151,-2.32,1975,dec,12,December
1152,-2.42,1976,jan,1,January
1153,-2.21,1976,feb,2,February
1154,-1.68,1976,mar,3,March
1155,-0.55,1976,apr,4,April
1156,0.23,1976,may,5,May
1157,1.0,1976,jun,6,June
1158,1.32,1976,jul,7,July
1159,1.16,1976,aug,8,August
1160,0.56,1976,sep,9,September
1161,-0.62,1976,,10,October
1162,-1.49,1976,nov,11,November
1163,-2.05,1976,dec,12,December
1164,-2.22,1977,jan,1,January
1165,-1.93,1977,feb,2,February
1166,-1.22,1977,mar,3,March
1167,-0.19,1977,apr,4,April
1168,0.77,1977,may,5,May
1169,1.4,1977,jun,6,June
1170,1.62,1977,jul,7,July
1171,1.46,1977,aug,8,August
1172,0.65,1977,sep,9,September
1173,-0.34,1977,,10,October
1174,-1.28,1977,nov,11,November
1175,-2.13,1977,dec,12,December
1176,-2.35,1978,jan,1,January
1177,-2.01,1978,feb,2,February
1178,-1.26,1978,mar,3,March
1179,-0.32,1978,apr,4,April
1180,0.53,1978,may,5,May
1181,1.14,1978,jun,6,June
1182,1.45,1978,jul,7,July
1183,1.13,1978,aug,8,August
1184,0.7,1978,sep,9,September
1185,-0.36,1978,,10,October
1186,-1.29,1978,nov,11,November
1187,-2.05,1978,dec,12,December
1188,-2.29,1979,jan,1,January
1189,-2.26,1979,feb,2,February
1190,-1.29,1979,mar,3,March
1191,-0.34,1979,apr,4,April
1192,0.52,1979,may,5,May
1193,1.29,1979,jun,6,June
1194,1.44,1979,jul,7,July
1195,1.44,1979,aug,8,August
1196,0.9,1979,sep,9,September
1197,-0.12,1979,,10,October
1198,-1.17,1979,nov,11,November
1199,-1.68,1979,dec,12,December
1200,-2.11,1980,jan,1,January
1201,-1.73,1980,feb,2,February
1202,-1.17,1980,mar,3,March
1203,-0.14,1980,apr,4,April
1204,0.83,1980,may,5,May
1205,1.33,1980,jun,6,June
1206,1.7,1980,jul,7,July
1207,1.53,1980,aug,8,August
1208,0.84,1980,sep,9,September
1209,-0.18,1980,,10,October
1210,-1.16,1980,nov,11,November
1211,-1.95,1980,dec,12,December
1212,-1.86,1981,jan,1,January
1213,-1.74,1981,feb,2,February
1214,-0.98,1981,mar,3,March
1215,-0.15,1981,apr,4,April
1216,0.71,1981,may,5,May
1217,1.48,1981,jun,6,June
1218,1.76,1981,jul,7,July
1219,1.62,1981,aug,8,August
1220,0.82,1981,sep,9,September
1221,-0.22,1981,,10,October
1222,-1.21,1981,nov,11,November
1223,-1.72,1981,dec,12,December
1224,-2.31,1982,jan,1,January
1225,-2.0,1982,feb,2,February
1226,-1.48,1982,mar,3,March
1227,-0.37,1982,apr,4,April
1228,0.62,1982,may,5,May
1229,1.21,1982,jun,6,June
1230,1.55,1982,jul,7,July
1231,1.37,1982,aug,8,August
1232,0.79,1982,sep,9,September
1233,-0.23,1982,,10,October
1234,-1.3,1982,nov,11,November
1235,-1.72,1982,dec,12,December
1236,-1.89,1983,jan,1,January
1237,-1.74,1983,feb,2,February
1238,-1.04,1983,mar,3,March
1239,-0.16,1983,apr,4,April
1240,0.83,1983,may,5,May
1241,1.36,1983,jun,6,June
1242,1.6,1983,jul,7,July
1243,1.63,1983,aug,8,August
1244,1.04,1983,sep,9,September
1245,-0.2,1983,,10,October
1246,-1.13,1983,nov,11,November
1247,-1.98,1983,dec,12,December
1248,-2.11,1984,jan,1,January
1249,-1.98,1984,feb,2,February
1250,-1.18,1984,mar,3,March
1251,-0.39,1984,apr,4,April
1252,0.8,1984,may,5,May
1253,1.21,1984,jun,6,June
1254,1.59,1984,jul,7,July
1255,1.46,1984,aug,8,August
1256,0.86,1984,sep,9,September
1257,-0.2,1984,,10,October
1258,-1.39,1984,nov,11,November
1259,-2.2,1984,dec,12,December
1260,-2.19,1985,jan,1,January
1261,-2.21,1985,feb,2,February
1262,-1.3,1985,mar,3,March
1263,-0.36,1985,apr,4,April
1264,0.64,1985,may,5,May
1265,1.34,1985,jun,6,June
1266,1.41,1985,jul,7,July
1267,1.45,1985,aug,8,August
1268,0.8,1985,sep,9,September
1269,-0.25,1985,,10,October
1270,-1.37,1985,nov,11,November
1271,-2.0,1985,dec,12,December
1272,-2.13,1986,jan,1,January
1273,-1.76,1986,feb,2,February
1274,-1.2,1986,mar,3,March
1275,-0.23,1986,apr,4,April
1276,0.71,1986,may,5,May
1277,1.27,1986,jun,6,June
1278,1.53,1986,jul,7,July
1279,1.42,1986,aug,8,August
1280,0.65,1986,sep,9,September
1281,-0.23,1986,,10,October
1282,-1.34,1986,nov,11,November
1283,-1.99,1986,dec,12,December
1284,-2.05,1987,jan,1,January
1285,-1.69,1987,feb,2,February
1286,-1.31,1987,mar,3,March
1287,-0.25,1987,apr,4,April
1288,0.72,1987,may,5,May
1289,1.53,1987,jun,6,June
1290,1.87,1987,jul,7,July
1291,1.58,1987,aug,8,August
1292,1.04,1987,sep,9,September
1293,-0.04,1987,,10,October
1294,-1.2,1987,nov,11,November
1295,-1.67,1987,dec,12,December
1296,-1.83,1988,jan,1,January
1297,-1.72,1988,feb,2,February
1298,-0.96,1988,mar,3,March
1299,-0.02,1988,apr,4,April
1300,0.9,1988,may,5,May
1301,1.59,1988,jun,6,June
1302,1.76,1988,jul,7,July
1303,1.77,1988,aug,8,August
1304,1.06,1988,sep,9,September
1305,0.03,1988,,10,October
1306,-1.33,1988,nov,11,November
1307,-1.82,1988,dec,12,December
1308,-2.26,1989,jan,1,January
1309,-1.8,1989,feb,2,February
1310,-1.11,1989,mar,3,March
1311,-0.14,1989,apr,4,April
1312,0.63,1989,may,5,May
1313,1.3,1989,jun,6,June
1314,1.76,1989,jul,7,July
1315,1.67,1989,aug,8,August
1316,1.02,1989,sep,9,September
1317,-0.04,1989,,10,October
1318,-1.25,1989,nov,11,November
1319,-1.77,1989,dec,12,December
1320,-2.0,1990,jan,1,January
1321,-1.74,1990,feb,2,February
1322,-0.7,1990,mar,3,March
1323,0.08,1990,apr,4,April
1324,0.93,1990,may,5,May
1325,1.54,1990,jun,6,June
1326,1.85,1990,jul,7,July
1327,1.61,1990,aug,8,August
1328,0.94,1990,sep,9,September
1329,0.05,1990,,10,October
1330,-0.99,1990,nov,11,November
1331,-1.74,1990,dec,12,December
1332,-2.0,1991,jan,1,January
1333,-1.66,1991,feb,2,February
1334,-1.12,1991,mar,3,March
1335,0.05,1991,apr,4,April
1336,0.85,1991,may,5,May
1337,1.69,1991,jun,6,June
1338,1.9,1991,jul,7,July
1339,1.7,1991,aug,8,August
1340,1.13,1991,sep,9,September
1341,-0.06,1991,,10,October
1342,-1.14,1991,nov,11,November
1343,-1.83,1991,dec,12,December
1344,-1.97,1992,jan,1,January
1345,-1.73,1992,feb,2,February
1346,-0.99,1992,mar,3,March
1347,-0.23,1992,apr,4,April
1348,0.79,1992,may,5,May
1349,1.41,1992,jun,6,June
1350,1.54,1992,jul,7,July
1351,1.37,1992,aug,8,August
1352,0.65,1992,sep,9,September
1353,-0.27,1992,,10,October
1354,-1.42,1992,nov,11,November
1355,-1.93,1992,dec,12,December
1356,-2.04,1993,jan,1,January
1357,-1.76,1993,feb,2,February
1358,-1.11,1993,mar,3,March
1359,-0.2,1993,apr,4,April
1360,0.74,1993,may,5,May
1361,1.41,1993,jun,6,June
1362,1.7,1993,jul,7,July
1363,1.43,1993,aug,8,August
1364,0.75,1993,sep,9,September
1365,-0.14,1993,,10,October
1366,-1.39,1993,nov,11,November
1367,-1.99,1993,dec,12,December
1368,-2.14,1994,jan,1,January
1369,-2.13,1994,feb,2,February
1370,-1.2,1994,mar,3,March
1371,-0.07,1994,apr,4,April
1372,0.75,1994,may,5,May
1373,1.58,1994,jun,6,June
1374,1.72,1994,jul,7,July
1375,1.51,1994,aug,8,August
1376,0.94,1994,sep,9,September
1377,0.05,1994,,10,October
1378,-0.99,1994,nov,11,November
1379,-1.79,1994,dec,12,December
1380,-1.9,1995,jan,1,January
1381,-1.37,1995,feb,2,February
1382,-1.02,1995,mar,3,March
1383,-0.0,1995,apr,4,April
1384,0.73,1995,may,5,May
1385,1.57,1995,jun,6,June
1386,1.9,1995,jul,7,July
1387,1.76,1995,aug,8,August
1388,0.97,1995,sep,9,September
1389,0.11,1995,,10,October
1390,-1.0,1995,nov,11,November
1391,-1.87,1995,dec,12,December
1392,-2.16,1996,jan,1,January
1393,-1.67,1996,feb,2,February
1394,-1.15,1996,mar,3,March
1395,-0.11,1996,apr,4,April
1396,0.74,1996,may,5,May
1397,1.41,1996,jun,6,June
1398,1.77,1996,jul,7,July
1399,1.79,1996,aug,8,August
1400,0.9,1996,sep,9,September
1401,-0.17,1996,,10,October
1402,-1.04,1996,nov,11,November
1403,-1.75,1996,dec,12,December
1404,-2.1,1997,jan,1,January
1405,-1.77,1997,feb,2,February
1406,-0.94,1997,mar,3,March
1407,-0.11,1997,apr,4,April
1408,0.83,1997,may,5,May
1409,1.69,1997,jun,6,June
1410,1.77,1997,jul,7,July
1411,1.71,1997,aug,8,August
1412,1.18,1997,sep,9,September
1413,0.26,1997,,10,October
1414,-0.8,1997,nov,11,November
1415,-1.56,1997,dec,12,December
1416,-1.81,1998,jan,1,January
1417,-1.25,1998,feb,2,February
1418,-0.84,1998,mar,3,March
1419,0.16,1998,apr,4,April
1420,1.16,1998,may,5,May
1421,1.93,1998,jun,6,June
1422,2.1,1998,jul,7,July
1423,1.96,1998,aug,8,August
1424,1.07,1998,sep,9,September
1425,0.08,1998,,10,October
1426,-0.96,1998,nov,11,November
1427,-1.59,1998,dec,12,December
1428,-1.93,1999,jan,1,January
1429,-1.5,1999,feb,2,February
1430,-1.13,1999,mar,3,March
1431,-0.15,1999,apr,4,April
1432,0.78,1999,may,5,May
1433,1.53,1999,jun,6,June
1434,1.79,1999,jul,7,July
1435,1.61,1999,aug,8,August
1436,1.06,1999,sep,9,September
1437,0.03,1999,,10,October
1438,-1.07,1999,nov,11,November
1439,-1.72,1999,dec,12,December
1440,-2.18,2000,jan,1,January
1441,-1.59,2000,feb,2,February
1442,-0.9,2000,mar,3,March
1443,0.1,2000,apr,4,April
1444,0.83,2000,may,5,May
1445,1.57,2000,jun,6,June
1446,1.8,2000,jul,7,July
1447,1.72,2000,aug,8,August
1448,1.05,2000,sep,9,September
1449,-0.08,2000,,10,October
1450,-1.13,2000,nov,11,November
1451,-1.86,2000,dec,12,December
1452,-1.99,2001,jan,1,January
1453,-1.72,2001,feb,2,February
1454,-0.92,2001,mar,3,March
1455,0.03,2001,apr,4,April
1456,1.03,2001,may,5,May
1457,1.7,2001,jun,6,June
1458,2.02,2001,jul,7,July
1459,1.78,2001,aug,8,August
1460,1.18,2001,sep,9,September
1461,0.14,2001,,10,October
1462,-0.76,2001,nov,11,November
1463,-1.6,2001,dec,12,December
1464,-1.66,2002,jan,1,January
1465,-1.4,2002,feb,2,February
1466,-0.58,2002,mar,3,March
1467,0.09,2002,apr,4,April
1468,1.1,2002,may,5,May
1469,1.71,2002,jun,6,June
1470,2.03,2002,jul,7,July
1471,1.83,2002,aug,8,August
1472,1.27,2002,sep,9,September
1473,0.19,2002,,10,October
1474,-0.87,2002,nov,11,November
1475,-1.72,2002,dec,12,December
1476,-1.68,2003,jan,1,January
1477,-1.6,2003,feb,2,February
1478,-0.9,2003,mar,3,March
1479,0.06,2003,apr,4,April
1480,1.07,2003,may,5,May
1481,1.63,2003,jun,6,June
1482,1.95,2003,jul,7,July
1483,1.95,2003,aug,8,August
1484,1.29,2003,sep,9,September
1485,0.38,2003,,10,October
1486,-0.93,2003,nov,11,November
1487,-1.42,2003,dec,12,December
1488,-1.83,2004,jan,1,January
1489,-1.43,2004,feb,2,February
1490,-0.83,2004,mar,3,March
1491,0.15,2004,apr,4,April
1492,0.85,2004,may,5,May
1493,1.58,2004,jun,6,June
1494,1.66,2004,jul,7,July
1495,1.73,2004,aug,8,August
1496,1.15,2004,sep,9,September
1497,0.28,2004,,10,October
1498,-0.75,2004,nov,11,November
1499,-1.64,2004,dec,12,December
1500,-1.69,2005,jan,1,January
1501,-1.58,2005,feb,2,February
1502,-0.78,2005,mar,3,March
1503,0.19,2005,apr,4,April
1504,1.09,2005,may,5,May
1505,1.82,2005,jun,6,June
1506,2.05,2005,jul,7,July
1507,1.9,2005,aug,8,August
1508,1.39,2005,sep,9,September
1509,0.39,2005,,10,October
1510,-0.74,2005,nov,11,November
1511,-1.5,2005,dec,12,December
1512,-1.85,2006,jan,1,January
1513,-1.46,2006,feb,2,February
1514,-0.85,2006,mar,3,March
1515,0.03,2006,apr,4,April
1516,0.93,2006,may,5,May
1517,1.8,2006,jun,6,June
1518,1.94,2006,jul,7,July
1519,2.0,2006,aug,8,August
1520,1.26,2006,sep,9,September
1521,0.31,2006,,10,October
1522,-0.75,2006,nov,11,November
1523,-1.42,2006,dec,12,December
1524,-1.46,2007,jan,1,January
1525,-1.45,2007,feb,2,February
1526,-0.78,2007,mar,3,March
1527,0.26,2007,apr,4,April
1528,1.13,2007,may,5,May
1529,1.75,2007,jun,6,June
1530,2.02,2007,jul,7,July
1531,1.87,2007,aug,8,August
1532,1.24,2007,sep,9,September
1533,0.21,2007,,10,October
1534,-0.91,2007,nov,11,November
1535,-1.69,2007,dec,12,December
1536,-2.18,2008,jan,1,January
1537,-1.81,2008,feb,2,February
1538,-0.74,2008,mar,3,March
1539,0.04,2008,apr,4,April
1540,0.94,2008,may,5,May
1541,1.62,2008,jun,6,June
1542,2.01,2008,jul,7,July
1543,1.74,2008,aug,8,August
1544,1.27,2008,sep,9,September
1545,0.27,2008,,10,October
1546,-0.81,2008,nov,11,November
1547,-1.62,2008,dec,12,December
1548,-1.8,2009,jan,1,January
1549,-1.64,2009,feb,2,February
1550,-0.95,2009,mar,3,March
1551,0.11,2009,apr,4,April
1552,1.11,2009,may,5,May
1553,1.81,2009,jun,6,June
1554,2.11,2009,jul,7,July
1555,1.96,2009,aug,8,August
1556,1.33,2009,sep,9,September
1557,0.27,2009,,10,October
1558,-0.69,2009,nov,11,November
1559,-1.5,2009,dec,12,December
1560,-1.68,2010,jan,1,January
1561,-1.36,2010,feb,2,February
1562,-0.56,2010,mar,3,March
1563,0.38,2010,apr,4,April
1564,1.2,2010,may,5,May
1565,1.78,2010,jun,6,June
1566,2.01,2010,jul,7,July
1567,1.93,2010,aug,8,August
1568,1.24,2010,sep,9,September
1569,0.33,2010,,10,October
1570,-0.68,2010,nov,11,November
1571,-1.69,2010,dec,12,December
1572,-1.93,2011,jan,1,January
1573,-1.64,2011,feb,2,February
1574,-0.85,2011,mar,3,March
1575,0.15,2011,apr,4,April
1576,0.98,2011,may,5,May
1577,1.73,2011,jun,6,June
1578,2.13,2011,jul,7,July
1579,2.01,2011,aug,8,August
1580,1.19,2011,sep,9,September
1581,0.27,2011,,10,October
1582,-0.89,2011,nov,11,November
1583,-1.62,2011,dec,12,December
1584,-1.96,2012,jan,1,January
1585,-1.67,2012,feb,2,February
1586,-0.91,2012,mar,3,March
1587,0.21,2012,apr,4,April
1588,1.22,2012,may,5,May
1589,1.79,2012,jun,6,June
1590,1.95,2012,jul,7,July
1591,1.92,2012,aug,8,August
1592,1.37,2012,sep,9,September
1593,0.38,2012,,10,October
1594,-0.72,2012,nov,11,November
1595,-1.63,2012,dec,12,December
1596,-1.74,2013,jan,1,January
1597,-1.59,2013,feb,2,February
1598,-0.82,2013,mar,3,March
1599,0.06,2013,apr,4,April
1600,1.05,2013,may,5,May
1601,1.82,2013,jun,6,June
1602,1.99,2013,jul,7,July
1603,1.96,2013,aug,8,August
1604,1.43,2013,sep,9,September
1605,0.31,2013,,10,October
1606,-0.67,2013,nov,11,November
1607,-1.5,2013,dec,12,December
1608,-1.68,2014,jan,1,January
1609,-1.63,2014,feb,2,February
1610,-0.71,2014,mar,3,March
1611,0.3,2014,apr,4,April
1612,1.32,2014,may,5,May
1613,1.82,2014,jun,6,June
1614,1.98,2014,jul,7,July
1615,2.11,2014,aug,8,August
1616,1.53,2014,sep,9,September
1617,0.45,2014,,10,October
1618,-0.79,2014,nov,11,November
1619,-1.38,2014,dec,12,December
1620,-1.6,2015,jan,1,January
1621,-1.28,2015,feb,2,February
1622,-0.57,2015,mar,3,March
1623,0.28,2015,apr,4,April
1624,1.22,2015,may,5,May
1625,1.95,2015,jun,6,June
1626,2.13,2015,jul,7,July
1627,2.09,2015,aug,8,August
1628,1.47,2015,sep,9,September
1629,0.71,2015,,10,October
1630,-0.42,2015,nov,11,November
1631,-1.05,2015,dec,12,December
1632,-1.26,2016,jan,1,January
1633,-0.8,2016,feb,2,February
1634,-0.16,2016,mar,3,March
1635,0.6,2016,apr,4,April
1636,1.38,2016,may,5,May
1637,1.93,2016,jun,6,June
1638,2.24,2016,jul,7,July
1639,2.3,2016,aug,8,August
1640,1.53,2016,sep,9,September
1641,0.54,2016,,10,October
1642,-0.54,2016,nov,11,November
1643,-1.32,2016,dec,12,December
1644,-1.43,2017,jan,1,January
1645,-1.02,2017,feb,2,February
1646,-0.34,2017,mar,3,March
1647,0.45,2017,apr,4,April
1648,1.36,2017,may,5,May
1649,1.86,2017,jun,6,June
1650,2.24,2017,jul,7,July
1651,2.17,2017,aug,8,August
1652,1.41,2017,sep,9,September
1653,0.52,2017,,10,October
1654,-0.59,2017,nov,11,November
1655,-1.26,2017,dec,12,December
1656,-1.64,2018,jan,1,January
1657,-1.3,2018,feb,2,February
1658,-0.56,2018,mar,3,March
1659,0.4,2018,apr,4,April
1660,1.28,2018,may,5,May
1661,1.9,2018,jun,6,June
1662,2.2,2018,jul,7,July
1663,2.03,2018,aug,8,August
1664,1.41,2018,sep,9,September
1665,0.63,2018,,10,October
1666,-0.67,2018,nov,11,November
1667,-1.26,2018,dec,12,December
1668,-1.54,2019,jan,1,January
1669,-1.23,2019,feb,2,February
1670,-0.36,2019,mar,3,March
1671,0.5,2019,apr,4,April
1672,1.32,2019,may,5,May
1673,2.02,2019,jun,6,June
1674,2.32,2019,jul,7,July
