Unidade da Federação;mes_ano;Internações
35 São Paulo;2008/Jan;2153
29 Bahia;2008/Jan;1156
31 Minas Gerais;2008/Jan;1193
33 Rio de Janeiro;2008/Jan;679
26 Pernambuco;2008/Jan;489
23 Ceará;2008/Jan;731
41 Paraná;2008/Jan;599
15 Pará;2008/Jan;600
43 Rio Grande do Sul;2008/Jan;349
21 Maranhão;2008/Jan;434
42 Santa Catarina;2008/Jan;416
13 Amazonas;2008/Jan;138
52 Goiás;2008/Jan;237
25 Paraíba;2008/Jan;343
22 Piauí;2008/Jan;209
27 Alagoas;2008/Jan;280
28 Sergipe;2008/Jan;272
24 Rio Grande do Norte;2008/Jan;169
32 Espírito Santo;2008/Jan;193
53 Distrito Federal;2008/Jan;116
51 Mato Grosso;2008/Jan;179
50 Mato Grosso do Sul;2008/Jan;222
17 Tocantins;2008/Jan;138
16 Amapá;2008/Jan;205
11 Rondônia;2008/Jan;75
12 Acre;2008/Jan;26
14 Roraima;2008/Jan;88
35 São Paulo;2008/Fev;2800
29 Bahia;2008/Fev;1640
31 Minas Gerais;2008/Fev;1499
33 Rio de Janeiro;2008/Fev;816
26 Pernambuco;2008/Fev;904
23 Ceará;2008/Fev;915
41 Paraná;2008/Fev;660
15 Pará;2008/Fev;791
43 Rio Grande do Sul;2008/Fev;800
21 Maranhão;2008/Fev;593
42 Santa Catarina;2008/Fev;582
13 Amazonas;2008/Fev;418
52 Goiás;2008/Fev;406
25 Paraíba;2008/Fev;399
22 Piauí;2008/Fev;361
27 Alagoas;2008/Fev;346
28 Sergipe;2008/Fev;353
24 Rio Grande do Norte;2008/Fev;198
32 Espírito Santo;2008/Fev;293
53 Distrito Federal;2008/Fev;326
51 Mato Grosso;2008/Fev;247
50 Mato Grosso do Sul;2008/Fev;220
17 Tocantins;2008/Fev;190
16 Amapá;2008/Fev;141
11 Rondônia;2008/Fev;71
12 Acre;2008/Fev;61
14 Roraima;2008/Fev;-
35 São Paulo;2008/Mar;2892
29 Bahia;2008/Mar;1560
31 Minas Gerais;2008/Mar;1601
33 Rio de Janeiro;2008/Mar;1134
26 Pernambuco;2008/Mar;796
23 Ceará;2008/Mar;1041
41 Paraná;2008/Mar;608
15 Pará;2008/Mar;769
43 Rio Grande do Sul;2008/Mar;808
21 Maranhão;2008/Mar;584
42 Santa Catarina;2008/Mar;525
13 Amazonas;2008/Mar;461
52 Goiás;2008/Mar;415
25 Paraíba;2008/Mar;400
22 Piauí;2008/Mar;290
27 Alagoas;2008/Mar;301
28 Sergipe;2008/Mar;322
24 Rio Grande do Norte;2008/Mar;183
32 Espírito Santo;2008/Mar;230
53 Distrito Federal;2008/Mar;372
51 Mato Grosso;2008/Mar;252
50 Mato Grosso do Sul;2008/Mar;205
17 Tocantins;2008/Mar;179
16 Amapá;2008/Mar;181
11 Rondônia;2008/Mar;63
12 Acre;2008/Mar;127
14 Roraima;2008/Mar;156
35 São Paulo;2008/Abr;3000
29 Bahia;2008/Abr;1722
31 Minas Gerais;2008/Abr;1398
33 Rio de Janeiro;2008/Abr;1072
26 Pernambuco;2008/Abr;1142
23 Ceará;2008/Abr;944
41 Paraná;2008/Abr;565
15 Pará;2008/Abr;756
43 Rio Grande do Sul;2008/Abr;681
21 Maranhão;2008/Abr;660
42 Santa Catarina;2008/Abr;396
13 Amazonas;2008/Abr;459
52 Goiás;2008/Abr;334
25 Paraíba;2008/Abr;360
22 Piauí;2008/Abr;296
27 Alagoas;2008/Abr;345
28 Sergipe;2008/Abr;304
24 Rio Grande do Norte;2008/Abr;177
32 Espírito Santo;2008/Abr;200
53 Distrito Federal;2008/Abr;321
51 Mato Grosso;2008/Abr;191
50 Mato Grosso do Sul;2008/Abr;132
17 Tocantins;2008/Abr;141
16 Amapá;2008/Abr;34
11 Rondônia;2008/Abr;75
12 Acre;2008/Abr;53
14 Roraima;2008/Abr;79
35 São Paulo;2008/Mai;3201
29 Bahia;2008/Mai;1530
31 Minas Gerais;2008/Mai;1534
33 Rio de Janeiro;2008/Mai;1254
26 Pernambuco;2008/Mai;903
23 Ceará;2008/Mai;880
41 Paraná;2008/Mai;607
15 Pará;2008/Mai;698
43 Rio Grande do Sul;2008/Mai;549
21 Maranhão;2008/Mai;571
42 Santa Catarina;2008/Mai;491
13 Amazonas;2008/Mai;353
52 Goiás;2008/Mai;319
25 Paraíba;2008/Mai;334
22 Piauí;2008/Mai;281
27 Alagoas;2008/Mai;293
28 Sergipe;2008/Mai;295
24 Rio Grande do Norte;2008/Mai;209
32 Espírito Santo;2008/Mai;233
53 Distrito Federal;2008/Mai;496
51 Mato Grosso;2008/Mai;185
50 Mato Grosso do Sul;2008/Mai;215
17 Tocantins;2008/Mai;138
16 Amapá;2008/Mai;16
11 Rondônia;2008/Mai;95
12 Acre;2008/Mai;77
14 Roraima;2008/Mai;75
35 São Paulo;2008/Jun;3008
29 Bahia;2008/Jun;2089
31 Minas Gerais;2008/Jun;1787
33 Rio de Janeiro;2008/Jun;1243
26 Pernambuco;2008/Jun;877
23 Ceará;2008/Jun;952
41 Paraná;2008/Jun;645
15 Pará;2008/Jun;739
43 Rio Grande do Sul;2008/Jun;539
21 Maranhão;2008/Jun;551
42 Santa Catarina;2008/Jun;477
13 Amazonas;2008/Jun;464
52 Goiás;2008/Jun;282
25 Paraíba;2008/Jun;342
22 Piauí;2008/Jun;582
27 Alagoas;2008/Jun;280
28 Sergipe;2008/Jun;364
24 Rio Grande do Norte;2008/Jun;220
32 Espírito Santo;2008/Jun;281
53 Distrito Federal;2008/Jun;358
51 Mato Grosso;2008/Jun;224
50 Mato Grosso do Sul;2008/Jun;224
17 Tocantins;2008/Jun;152
16 Amapá;2008/Jun;264
11 Rondônia;2008/Jun;73
12 Acre;2008/Jun;145
14 Roraima;2008/Jun;97
35 São Paulo;2008/Jul;3412
29 Bahia;2008/Jul;1831
31 Minas Gerais;2008/Jul;1639
33 Rio de Janeiro;2008/Jul;1326
26 Pernambuco;2008/Jul;886
23 Ceará;2008/Jul;1011
41 Paraná;2008/Jul;633
15 Pará;2008/Jul;794
43 Rio Grande do Sul;2008/Jul;799
21 Maranhão;2008/Jul;581
42 Santa Catarina;2008/Jul;456
13 Amazonas;2008/Jul;550
52 Goiás;2008/Jul;318
25 Paraíba;2008/Jul;344
22 Piauí;2008/Jul;445
27 Alagoas;2008/Jul;337
28 Sergipe;2008/Jul;284
24 Rio Grande do Norte;2008/Jul;188
32 Espírito Santo;2008/Jul;254
53 Distrito Federal;2008/Jul;397
51 Mato Grosso;2008/Jul;223
50 Mato Grosso do Sul;2008/Jul;212
17 Tocantins;2008/Jul;151
16 Amapá;2008/Jul;177
11 Rondônia;2008/Jul;87
12 Acre;2008/Jul;100
14 Roraima;2008/Jul;107
35 São Paulo;2008/Ago;3395
29 Bahia;2008/Ago;2267
31 Minas Gerais;2008/Ago;1730
33 Rio de Janeiro;2008/Ago;1475
26 Pernambuco;2008/Ago;1003
23 Ceará;2008/Ago;1061
41 Paraná;2008/Ago;707
15 Pará;2008/Ago;766
43 Rio Grande do Sul;2008/Ago;798
21 Maranhão;2008/Ago;552
42 Santa Catarina;2008/Ago;503
13 Amazonas;2008/Ago;649
52 Goiás;2008/Ago;362
25 Paraíba;2008/Ago;459
22 Piauí;2008/Ago;430
27 Alagoas;2008/Ago;302
28 Sergipe;2008/Ago;375
24 Rio Grande do Norte;2008/Ago;231
32 Espírito Santo;2008/Ago;296
53 Distrito Federal;2008/Ago;334
51 Mato Grosso;2008/Ago;244
50 Mato Grosso do Sul;2008/Ago;233
17 Tocantins;2008/Ago;174
16 Amapá;2008/Ago;130
11 Rondônia;2008/Ago;111
12 Acre;2008/Ago;114
14 Roraima;2008/Ago;70
35 São Paulo;2008/Set;3623
29 Bahia;2008/Set;2403
31 Minas Gerais;2008/Set;1751
33 Rio de Janeiro;2008/Set;1270
26 Pernambuco;2008/Set;1008
23 Ceará;2008/Set;1002
41 Paraná;2008/Set;671
15 Pará;2008/Set;735
43 Rio Grande do Sul;2008/Set;723
21 Maranhão;2008/Set;498
42 Santa Catarina;2008/Set;502
13 Amazonas;2008/Set;554
52 Goiás;2008/Set;423
25 Paraíba;2008/Set;419
22 Piauí;2008/Set;456
27 Alagoas;2008/Set;303
28 Sergipe;2008/Set;485
24 Rio Grande do Norte;2008/Set;208
32 Espírito Santo;2008/Set;306
53 Distrito Federal;2008/Set;345
51 Mato Grosso;2008/Set;237
50 Mato Grosso do Sul;2008/Set;233
17 Tocantins;2008/Set;189
16 Amapá;2008/Set;183
11 Rondônia;2008/Set;100
12 Acre;2008/Set;88
14 Roraima;2008/Set;26
35 São Paulo;2008/Out;3655
29 Bahia;2008/Out;2329
31 Minas Gerais;2008/Out;1894
33 Rio de Janeiro;2008/Out;1439
26 Pernambuco;2008/Out;880
23 Ceará;2008/Out;944
41 Paraná;2008/Out;682
15 Pará;2008/Out;769
43 Rio Grande do Sul;2008/Out;742
21 Maranhão;2008/Out;608
42 Santa Catarina;2008/Out;533
13 Amazonas;2008/Out;599
52 Goiás;2008/Out;364
25 Paraíba;2008/Out;420
22 Piauí;2008/Out;421
27 Alagoas;2008/Out;468
28 Sergipe;2008/Out;380
24 Rio Grande do Norte;2008/Out;226
32 Espírito Santo;2008/Out;335
53 Distrito Federal;2008/Out;440
51 Mato Grosso;2008/Out;222
50 Mato Grosso do Sul;2008/Out;279
17 Tocantins;2008/Out;185
16 Amapá;2008/Out;205
11 Rondônia;2008/Out;73
12 Acre;2008/Out;119
14 Roraima;2008/Out;137
35 São Paulo;2008/Nov;2770
29 Bahia;2008/Nov;2204
31 Minas Gerais;2008/Nov;1702
33 Rio de Janeiro;2008/Nov;1275
26 Pernambuco;2008/Nov;1018
23 Ceará;2008/Nov;858
41 Paraná;2008/Nov;659
15 Pará;2008/Nov;619
43 Rio Grande do Sul;2008/Nov;617
21 Maranhão;2008/Nov;531
42 Santa Catarina;2008/Nov;428
13 Amazonas;2008/Nov;518
52 Goiás;2008/Nov;327
25 Paraíba;2008/Nov;442
22 Piauí;2008/Nov;388
27 Alagoas;2008/Nov;426
28 Sergipe;2008/Nov;372
24 Rio Grande do Norte;2008/Nov;234
32 Espírito Santo;2008/Nov;388
53 Distrito Federal;2008/Nov;347
51 Mato Grosso;2008/Nov;212
50 Mato Grosso do Sul;2008/Nov;171
17 Tocantins;2008/Nov;212
16 Amapá;2008/Nov;162
11 Rondônia;2008/Nov;72
12 Acre;2008/Nov;111
14 Roraima;2008/Nov;29
35 São Paulo;2008/Dez;2977
29 Bahia;2008/Dez;1939
31 Minas Gerais;2008/Dez;1525
33 Rio de Janeiro;2008/Dez;1247
26 Pernambuco;2008/Dez;1088
23 Ceará;2008/Dez;888
41 Paraná;2008/Dez;563
15 Pará;2008/Dez;676
43 Rio Grande do Sul;2008/Dez;681
21 Maranhão;2008/Dez;602
42 Santa Catarina;2008/Dez;521
13 Amazonas;2008/Dez;491
52 Goiás;2008/Dez;334
25 Paraíba;2008/Dez;405
22 Piauí;2008/Dez;326
27 Alagoas;2008/Dez;337
28 Sergipe;2008/Dez;325
24 Rio Grande do Norte;2008/Dez;203
32 Espírito Santo;2008/Dez;299
53 Distrito Federal;2008/Dez;280
51 Mato Grosso;2008/Dez;184
50 Mato Grosso do Sul;2008/Dez;156
17 Tocantins;2008/Dez;154
16 Amapá;2008/Dez;90
11 Rondônia;2008/Dez;71
12 Acre;2008/Dez;154
14 Roraima;2008/Dez;93
35 São Paulo;2009/Jan;2761
29 Bahia;2009/Jan;1709
31 Minas Gerais;2009/Jan;1648
33 Rio de Janeiro;2009/Jan;1198
26 Pernambuco;2009/Jan;967
23 Ceará;2009/Jan;942
41 Paraná;2009/Jan;691
15 Pará;2009/Jan;738
43 Rio Grande do Sul;2009/Jan;641
21 Maranhão;2009/Jan;631
42 Santa Catarina;2009/Jan;515
13 Amazonas;2009/Jan;335
52 Goiás;2009/Jan;320
25 Paraíba;2009/Jan;411
22 Piauí;2009/Jan;349
27 Alagoas;2009/Jan;375
28 Sergipe;2009/Jan;326
24 Rio Grande do Norte;2009/Jan;188
32 Espírito Santo;2009/Jan;306
53 Distrito Federal;2009/Jan;331
51 Mato Grosso;2009/Jan;203
50 Mato Grosso do Sul;2009/Jan;273
17 Tocantins;2009/Jan;112
16 Amapá;2009/Jan;185
11 Rondônia;2009/Jan;69
12 Acre;2009/Jan;132
14 Roraima;2009/Jan;221
35 São Paulo;2009/Fev;2705
29 Bahia;2009/Fev;1770
31 Minas Gerais;2009/Fev;1375
33 Rio de Janeiro;2009/Fev;1006
26 Pernambuco;2009/Fev;932
23 Ceará;2009/Fev;796
41 Paraná;2009/Fev;695
15 Pará;2009/Fev;685
43 Rio Grande do Sul;2009/Fev;620
21 Maranhão;2009/Fev;536
42 Santa Catarina;2009/Fev;428
13 Amazonas;2009/Fev;382
52 Goiás;2009/Fev;338
25 Paraíba;2009/Fev;413
22 Piauí;2009/Fev;349
27 Alagoas;2009/Fev;352
28 Sergipe;2009/Fev;264
24 Rio Grande do Norte;2009/Fev;171
32 Espírito Santo;2009/Fev;255
53 Distrito Federal;2009/Fev;226
51 Mato Grosso;2009/Fev;193
50 Mato Grosso do Sul;2009/Fev;167
17 Tocantins;2009/Fev;224
16 Amapá;2009/Fev;167
11 Rondônia;2009/Fev;100
12 Acre;2009/Fev;155
14 Roraima;2009/Fev;73
35 São Paulo;2009/Mar;3166
29 Bahia;2009/Mar;1951
31 Minas Gerais;2009/Mar;1556
33 Rio de Janeiro;2009/Mar;1349
26 Pernambuco;2009/Mar;940
23 Ceará;2009/Mar;972
41 Paraná;2009/Mar;592
15 Pará;2009/Mar;720
43 Rio Grande do Sul;2009/Mar;713
21 Maranhão;2009/Mar;476
42 Santa Catarina;2009/Mar;502
13 Amazonas;2009/Mar;520
52 Goiás;2009/Mar;334
25 Paraíba;2009/Mar;394
22 Piauí;2009/Mar;240
27 Alagoas;2009/Mar;337
28 Sergipe;2009/Mar;314
24 Rio Grande do Norte;2009/Mar;185
32 Espírito Santo;2009/Mar;274
53 Distrito Federal;2009/Mar;304
51 Mato Grosso;2009/Mar;186
50 Mato Grosso do Sul;2009/Mar;231
17 Tocantins;2009/Mar;134
16 Amapá;2009/Mar;235
11 Rondônia;2009/Mar;90
12 Acre;2009/Mar;114
14 Roraima;2009/Mar;46
35 São Paulo;2009/Abr;3025
29 Bahia;2009/Abr;1845
31 Minas Gerais;2009/Abr;1548
33 Rio de Janeiro;2009/Abr;1096
26 Pernambuco;2009/Abr;852
23 Ceará;2009/Abr;859
41 Paraná;2009/Abr;641
15 Pará;2009/Abr;719
43 Rio Grande do Sul;2009/Abr;692
21 Maranhão;2009/Abr;614
42 Santa Catarina;2009/Abr;458
13 Amazonas;2009/Abr;510
52 Goiás;2009/Abr;359
25 Paraíba;2009/Abr;382
22 Piauí;2009/Abr;318
27 Alagoas;2009/Abr;364
28 Sergipe;2009/Abr;317
24 Rio Grande do Norte;2009/Abr;236
32 Espírito Santo;2009/Abr;240
53 Distrito Federal;2009/Abr;295
51 Mato Grosso;2009/Abr;195
50 Mato Grosso do Sul;2009/Abr;157
17 Tocantins;2009/Abr;146
16 Amapá;2009/Abr;181
11 Rondônia;2009/Abr;93
12 Acre;2009/Abr;136
14 Roraima;2009/Abr;164
35 São Paulo;2009/Mai;3013
29 Bahia;2009/Mai;1656
31 Minas Gerais;2009/Mai;1436
33 Rio de Janeiro;2009/Mai;1163
26 Pernambuco;2009/Mai;879
23 Ceará;2009/Mai;916
41 Paraná;2009/Mai;643
15 Pará;2009/Mai;808
43 Rio Grande do Sul;2009/Mai;626
21 Maranhão;2009/Mai;487
42 Santa Catarina;2009/Mai;439
13 Amazonas;2009/Mai;457
52 Goiás;2009/Mai;349
25 Paraíba;2009/Mai;394
22 Piauí;2009/Mai;331
27 Alagoas;2009/Mai;358
28 Sergipe;2009/Mai;366
24 Rio Grande do Norte;2009/Mai;291
32 Espírito Santo;2009/Mai;289
53 Distrito Federal;2009/Mai;337
51 Mato Grosso;2009/Mai;161
50 Mato Grosso do Sul;2009/Mai;153
17 Tocantins;2009/Mai;146
16 Amapá;2009/Mai;157
11 Rondônia;2009/Mai;104
12 Acre;2009/Mai;142
14 Roraima;2009/Mai;205
35 São Paulo;2009/Jun;2893
29 Bahia;2009/Jun;1560
31 Minas Gerais;2009/Jun;1548
33 Rio de Janeiro;2009/Jun;1199
26 Pernambuco;2009/Jun;746
23 Ceará;2009/Jun;797
41 Paraná;2009/Jun;613
15 Pará;2009/Jun;666
43 Rio Grande do Sul;2009/Jun;661
21 Maranhão;2009/Jun;510
42 Santa Catarina;2009/Jun;452
13 Amazonas;2009/Jun;453
52 Goiás;2009/Jun;353
25 Paraíba;2009/Jun;358
22 Piauí;2009/Jun;361
27 Alagoas;2009/Jun;294
28 Sergipe;2009/Jun;260
24 Rio Grande do Norte;2009/Jun;310
32 Espírito Santo;2009/Jun;209
53 Distrito Federal;2009/Jun;341
51 Mato Grosso;2009/Jun;217
50 Mato Grosso do Sul;2009/Jun;165
17 Tocantins;2009/Jun;172
16 Amapá;2009/Jun;147
11 Rondônia;2009/Jun;91
12 Acre;2009/Jun;137
14 Roraima;2009/Jun;115
35 São Paulo;2009/Jul;3007
29 Bahia;2009/Jul;1828
31 Minas Gerais;2009/Jul;1614
33 Rio de Janeiro;2009/Jul;1310
26 Pernambuco;2009/Jul;852
23 Ceará;2009/Jul;916
41 Paraná;2009/Jul;704
15 Pará;2009/Jul;705
43 Rio Grande do Sul;2009/Jul;651
21 Maranhão;2009/Jul;500
42 Santa Catarina;2009/Jul;485
13 Amazonas;2009/Jul;491
52 Goiás;2009/Jul;414
25 Paraíba;2009/Jul;382
22 Piauí;2009/Jul;311
27 Alagoas;2009/Jul;276
28 Sergipe;2009/Jul;312
24 Rio Grande do Norte;2009/Jul;279
32 Espírito Santo;2009/Jul;263
53 Distrito Federal;2009/Jul;260
51 Mato Grosso;2009/Jul;213
50 Mato Grosso do Sul;2009/Jul;224
17 Tocantins;2009/Jul;166
16 Amapá;2009/Jul;139
11 Rondônia;2009/Jul;106
12 Acre;2009/Jul;106
14 Roraima;2009/Jul;126
35 São Paulo;2009/Ago;3281
29 Bahia;2009/Ago;1953
31 Minas Gerais;2009/Ago;1608
33 Rio de Janeiro;2009/Ago;1385
26 Pernambuco;2009/Ago;860
23 Ceará;2009/Ago;992
41 Paraná;2009/Ago;654
15 Pará;2009/Ago;861
43 Rio Grande do Sul;2009/Ago;650
21 Maranhão;2009/Ago;586
42 Santa Catarina;2009/Ago;477
13 Amazonas;2009/Ago;279
52 Goiás;2009/Ago;359
25 Paraíba;2009/Ago;408
22 Piauí;2009/Ago;402
27 Alagoas;2009/Ago;292
28 Sergipe;2009/Ago;308
24 Rio Grande do Norte;2009/Ago;293
32 Espírito Santo;2009/Ago;267
53 Distrito Federal;2009/Ago;261
51 Mato Grosso;2009/Ago;245
50 Mato Grosso do Sul;2009/Ago;207
17 Tocantins;2009/Ago;160
16 Amapá;2009/Ago;195
11 Rondônia;2009/Ago;122
12 Acre;2009/Ago;177
14 Roraima;2009/Ago;77
35 São Paulo;2009/Set;3393
29 Bahia;2009/Set;2460
31 Minas Gerais;2009/Set;1610
33 Rio de Janeiro;2009/Set;1495
26 Pernambuco;2009/Set;961
23 Ceará;2009/Set;879
41 Paraná;2009/Set;735
15 Pará;2009/Set;772
43 Rio Grande do Sul;2009/Set;707
21 Maranhão;2009/Set;555
42 Santa Catarina;2009/Set;565
13 Amazonas;2009/Set;552
52 Goiás;2009/Set;341
25 Paraíba;2009/Set;462
22 Piauí;2009/Set;350
27 Alagoas;2009/Set;353
28 Sergipe;2009/Set;351
24 Rio Grande do Norte;2009/Set;254
32 Espírito Santo;2009/Set;280
53 Distrito Federal;2009/Set;332
51 Mato Grosso;2009/Set;215
50 Mato Grosso do Sul;2009/Set;246
17 Tocantins;2009/Set;154
16 Amapá;2009/Set;95
11 Rondônia;2009/Set;102
12 Acre;2009/Set;-
14 Roraima;2009/Set;150
35 São Paulo;2009/Out;3403
29 Bahia;2009/Out;2032
31 Minas Gerais;2009/Out;1720
33 Rio de Janeiro;2009/Out;1264
26 Pernambuco;2009/Out;1021
23 Ceará;2009/Out;1025
41 Paraná;2009/Out;684
15 Pará;2009/Out;790
43 Rio Grande do Sul;2009/Out;692
21 Maranhão;2009/Out;660
42 Santa Catarina;2009/Out;549
13 Amazonas;2009/Out;443
52 Goiás;2009/Out;405
25 Paraíba;2009/Out;450
22 Piauí;2009/Out;379
27 Alagoas;2009/Out;382
28 Sergipe;2009/Out;327
24 Rio Grande do Norte;2009/Out;289
32 Espírito Santo;2009/Out;314
53 Distrito Federal;2009/Out;337
51 Mato Grosso;2009/Out;232
50 Mato Grosso do Sul;2009/Out;178
17 Tocantins;2009/Out;168
16 Amapá;2009/Out;158
11 Rondônia;2009/Out;123
12 Acre;2009/Out;138
14 Roraima;2009/Out;74
35 São Paulo;2009/Nov;3360
29 Bahia;2009/Nov;2041
31 Minas Gerais;2009/Nov;1746
33 Rio de Janeiro;2009/Nov;1337
26 Pernambuco;2009/Nov;1002
23 Ceará;2009/Nov;955
41 Paraná;2009/Nov;689
15 Pará;2009/Nov;769
43 Rio Grande do Sul;2009/Nov;665
21 Maranhão;2009/Nov;578
42 Santa Catarina;2009/Nov;518
13 Amazonas;2009/Nov;365
52 Goiás;2009/Nov;403
25 Paraíba;2009/Nov;405
22 Piauí;2009/Nov;380
27 Alagoas;2009/Nov;355
28 Sergipe;2009/Nov;316
24 Rio Grande do Norte;2009/Nov;301
32 Espírito Santo;2009/Nov;313
53 Distrito Federal;2009/Nov;258
51 Mato Grosso;2009/Nov;218
50 Mato Grosso do Sul;2009/Nov;229
17 Tocantins;2009/Nov;165
16 Amapá;2009/Nov;167
11 Rondônia;2009/Nov;93
12 Acre;2009/Nov;111
14 Roraima;2009/Nov;88
35 São Paulo;2009/Dez;3187
29 Bahia;2009/Dez;1914
31 Minas Gerais;2009/Dez;1639
33 Rio de Janeiro;2009/Dez;1417
26 Pernambuco;2009/Dez;891
23 Ceará;2009/Dez;940
41 Paraná;2009/Dez;715
15 Pará;2009/Dez;744
43 Rio Grande do Sul;2009/Dez;715
21 Maranhão;2009/Dez;568
42 Santa Catarina;2009/Dez;485
13 Amazonas;2009/Dez;357
52 Goiás;2009/Dez;372
25 Paraíba;2009/Dez;429
22 Piauí;2009/Dez;319
27 Alagoas;2009/Dez;386
28 Sergipe;2009/Dez;314
24 Rio Grande do Norte;2009/Dez;318
32 Espírito Santo;2009/Dez;255
53 Distrito Federal;2009/Dez;207
51 Mato Grosso;2009/Dez;226
50 Mato Grosso do Sul;2009/Dez;173
17 Tocantins;2009/Dez;154
16 Amapá;2009/Dez;163
11 Rondônia;2009/Dez;101
12 Acre;2009/Dez;110
14 Roraima;2009/Dez;72
35 São Paulo;2010/Jan;3299
29 Bahia;2010/Jan;2197
31 Minas Gerais;2010/Jan;1558
33 Rio de Janeiro;2010/Jan;1383
26 Pernambuco;2010/Jan;901
23 Ceará;2010/Jan;979
41 Paraná;2010/Jan;661
15 Pará;2010/Jan;700
43 Rio Grande do Sul;2010/Jan;623
21 Maranhão;2010/Jan;567
42 Santa Catarina;2010/Jan;486
13 Amazonas;2010/Jan;359
52 Goiás;2010/Jan;296
25 Paraíba;2010/Jan;343
22 Piauí;2010/Jan;461
27 Alagoas;2010/Jan;391
28 Sergipe;2010/Jan;342
24 Rio Grande do Norte;2010/Jan;289
32 Espírito Santo;2010/Jan;288
53 Distrito Federal;2010/Jan;282
51 Mato Grosso;2010/Jan;178
50 Mato Grosso do Sul;2010/Jan;227
17 Tocantins;2010/Jan;180
16 Amapá;2010/Jan;157
11 Rondônia;2010/Jan;109
12 Acre;2010/Jan;154
14 Roraima;2010/Jan;44
35 São Paulo;2010/Fev;2703
29 Bahia;2010/Fev;1894
31 Minas Gerais;2010/Fev;1376
33 Rio de Janeiro;2010/Fev;1160
26 Pernambuco;2010/Fev;979
23 Ceará;2010/Fev;954
41 Paraná;2010/Fev;632
15 Pará;2010/Fev;727
43 Rio Grande do Sul;2010/Fev;707
21 Maranhão;2010/Fev;627
42 Santa Catarina;2010/Fev;454
13 Amazonas;2010/Fev;386
52 Goiás;2010/Fev;321
25 Paraíba;2010/Fev;348
22 Piauí;2010/Fev;353
27 Alagoas;2010/Fev;333
28 Sergipe;2010/Fev;281
24 Rio Grande do Norte;2010/Fev;278
32 Espírito Santo;2010/Fev;247
53 Distrito Federal;2010/Fev;184
51 Mato Grosso;2010/Fev;189
50 Mato Grosso do Sul;2010/Fev;141
17 Tocantins;2010/Fev;159
16 Amapá;2010/Fev;123
11 Rondônia;2010/Fev;112
12 Acre;2010/Fev;105
14 Roraima;2010/Fev;92
35 São Paulo;2010/Mar;2792
29 Bahia;2010/Mar;1843
31 Minas Gerais;2010/Mar;1460
33 Rio de Janeiro;2010/Mar;1256
26 Pernambuco;2010/Mar;936
23 Ceará;2010/Mar;944
41 Paraná;2010/Mar;614
15 Pará;2010/Mar;744
43 Rio Grande do Sul;2010/Mar;637
21 Maranhão;2010/Mar;660
42 Santa Catarina;2010/Mar;431
13 Amazonas;2010/Mar;471
52 Goiás;2010/Mar;330
25 Paraíba;2010/Mar;400
22 Piauí;2010/Mar;386
27 Alagoas;2010/Mar;364
28 Sergipe;2010/Mar;321
24 Rio Grande do Norte;2010/Mar;302
32 Espírito Santo;2010/Mar;201
53 Distrito Federal;2010/Mar;264
51 Mato Grosso;2010/Mar;200
50 Mato Grosso do Sul;2010/Mar;188
17 Tocantins;2010/Mar;154
16 Amapá;2010/Mar;139
11 Rondônia;2010/Mar;110
12 Acre;2010/Mar;153
14 Roraima;2010/Mar;117
35 São Paulo;2010/Abr;2780
29 Bahia;2010/Abr;1740
31 Minas Gerais;2010/Abr;1423
33 Rio de Janeiro;2010/Abr;1117
26 Pernambuco;2010/Abr;900
23 Ceará;2010/Abr;887
41 Paraná;2010/Abr;700
15 Pará;2010/Abr;713
43 Rio Grande do Sul;2010/Abr;638
21 Maranhão;2010/Abr;574
42 Santa Catarina;2010/Abr;417
13 Amazonas;2010/Abr;459
52 Goiás;2010/Abr;350
25 Paraíba;2010/Abr;332
22 Piauí;2010/Abr;363
27 Alagoas;2010/Abr;334
28 Sergipe;2010/Abr;314
24 Rio Grande do Norte;2010/Abr;239
32 Espírito Santo;2010/Abr;216
53 Distrito Federal;2010/Abr;314
51 Mato Grosso;2010/Abr;174
50 Mato Grosso do Sul;2010/Abr;174
17 Tocantins;2010/Abr;130
16 Amapá;2010/Abr;179
11 Rondônia;2010/Abr;111
12 Acre;2010/Abr;154
14 Roraima;2010/Abr;117
35 São Paulo;2010/Mai;2749
29 Bahia;2010/Mai;1676
31 Minas Gerais;2010/Mai;1404
33 Rio de Janeiro;2010/Mai;1297
26 Pernambuco;2010/Mai;703
23 Ceará;2010/Mai;838
41 Paraná;2010/Mai;576
15 Pará;2010/Mai;804
43 Rio Grande do Sul;2010/Mai;611
21 Maranhão;2010/Mai;557
42 Santa Catarina;2010/Mai;380
13 Amazonas;2010/Mai;452
52 Goiás;2010/Mai;312
25 Paraíba;2010/Mai;355
22 Piauí;2010/Mai;341
27 Alagoas;2010/Mai;275
28 Sergipe;2010/Mai;274
24 Rio Grande do Norte;2010/Mai;288
32 Espírito Santo;2010/Mai;228
53 Distrito Federal;2010/Mai;278
51 Mato Grosso;2010/Mai;190
50 Mato Grosso do Sul;2010/Mai;175
17 Tocantins;2010/Mai;153
16 Amapá;2010/Mai;117
11 Rondônia;2010/Mai;116
12 Acre;2010/Mai;155
14 Roraima;2010/Mai;86
35 São Paulo;2010/Jun;2747
29 Bahia;2010/Jun;1574
31 Minas Gerais;2010/Jun;1402
33 Rio de Janeiro;2010/Jun;1186
26 Pernambuco;2010/Jun;896
23 Ceará;2010/Jun;735
41 Paraná;2010/Jun;632
15 Pará;2010/Jun;710
43 Rio Grande do Sul;2010/Jun;616
21 Maranhão;2010/Jun;532
42 Santa Catarina;2010/Jun;427
13 Amazonas;2010/Jun;535
52 Goiás;2010/Jun;331
25 Paraíba;2010/Jun;330
22 Piauí;2010/Jun;383
27 Alagoas;2010/Jun;293
28 Sergipe;2010/Jun;259
24 Rio Grande do Norte;2010/Jun;220
32 Espírito Santo;2010/Jun;262
53 Distrito Federal;2010/Jun;179
51 Mato Grosso;2010/Jun;213
50 Mato Grosso do Sul;2010/Jun;190
17 Tocantins;2010/Jun;188
16 Amapá;2010/Jun;176
11 Rondônia;2010/Jun;102
12 Acre;2010/Jun;99
14 Roraima;2010/Jun;56
35 São Paulo;2010/Jul;2831
29 Bahia;2010/Jul;1713
31 Minas Gerais;2010/Jul;1578
33 Rio de Janeiro;2010/Jul;1313
26 Pernambuco;2010/Jul;923
23 Ceará;2010/Jul;825
41 Paraná;2010/Jul;659
15 Pará;2010/Jul;684
43 Rio Grande do Sul;2010/Jul;626
21 Maranhão;2010/Jul;486
42 Santa Catarina;2010/Jul;459
13 Amazonas;2010/Jul;445
52 Goiás;2010/Jul;343
25 Paraíba;2010/Jul;344
22 Piauí;2010/Jul;327
27 Alagoas;2010/Jul;293
28 Sergipe;2010/Jul;330
24 Rio Grande do Norte;2010/Jul;267
32 Espírito Santo;2010/Jul;250
53 Distrito Federal;2010/Jul;215
51 Mato Grosso;2010/Jul;221
50 Mato Grosso do Sul;2010/Jul;172
17 Tocantins;2010/Jul;155
16 Amapá;2010/Jul;141
11 Rondônia;2010/Jul;97
12 Acre;2010/Jul;151
14 Roraima;2010/Jul;104
35 São Paulo;2010/Ago;3119
29 Bahia;2010/Ago;1930
31 Minas Gerais;2010/Ago;1707
33 Rio de Janeiro;2010/Ago;1449
26 Pernambuco;2010/Ago;905
23 Ceará;2010/Ago;836
41 Paraná;2010/Ago;713
15 Pará;2010/Ago;646
43 Rio Grande do Sul;2010/Ago;699
21 Maranhão;2010/Ago;559
42 Santa Catarina;2010/Ago;492
13 Amazonas;2010/Ago;355
52 Goiás;2010/Ago;378
25 Paraíba;2010/Ago;363
22 Piauí;2010/Ago;333
27 Alagoas;2010/Ago;336
28 Sergipe;2010/Ago;287
24 Rio Grande do Norte;2010/Ago;255
32 Espírito Santo;2010/Ago;200
53 Distrito Federal;2010/Ago;298
51 Mato Grosso;2010/Ago;203
50 Mato Grosso do Sul;2010/Ago;182
17 Tocantins;2010/Ago;123
16 Amapá;2010/Ago;154
11 Rondônia;2010/Ago;99
12 Acre;2010/Ago;135
14 Roraima;2010/Ago;159
35 São Paulo;2010/Set;3376
29 Bahia;2010/Set;1882
31 Minas Gerais;2010/Set;1619
33 Rio de Janeiro;2010/Set;1411
26 Pernambuco;2010/Set;882
23 Ceará;2010/Set;934
41 Paraná;2010/Set;662
15 Pará;2010/Set;741
43 Rio Grande do Sul;2010/Set;648
21 Maranhão;2010/Set;509
42 Santa Catarina;2010/Set;483
13 Amazonas;2010/Set;339
52 Goiás;2010/Set;370
25 Paraíba;2010/Set;385
22 Piauí;2010/Set;338
27 Alagoas;2010/Set;327
28 Sergipe;2010/Set;327
24 Rio Grande do Norte;2010/Set;282
32 Espírito Santo;2010/Set;309
53 Distrito Federal;2010/Set;204
51 Mato Grosso;2010/Set;233
50 Mato Grosso do Sul;2010/Set;207
17 Tocantins;2010/Set;148
16 Amapá;2010/Set;167
11 Rondônia;2010/Set;108
12 Acre;2010/Set;134
14 Roraima;2010/Set;120
35 São Paulo;2010/Out;3315
29 Bahia;2010/Out;2020
31 Minas Gerais;2010/Out;1684
33 Rio de Janeiro;2010/Out;1271
26 Pernambuco;2010/Out;951
23 Ceará;2010/Out;898
41 Paraná;2010/Out;768
15 Pará;2010/Out;700
43 Rio Grande do Sul;2010/Out;690
21 Maranhão;2010/Out;638
42 Santa Catarina;2010/Out;513
13 Amazonas;2010/Out;635
52 Goiás;2010/Out;321
25 Paraíba;2010/Out;373
22 Piauí;2010/Out;360
27 Alagoas;2010/Out;373
28 Sergipe;2010/Out;300
24 Rio Grande do Norte;2010/Out;313
32 Espírito Santo;2010/Out;227
53 Distrito Federal;2010/Out;252
51 Mato Grosso;2010/Out;258
50 Mato Grosso do Sul;2010/Out;235
17 Tocantins;2010/Out;172
16 Amapá;2010/Out;171
11 Rondônia;2010/Out;113
12 Acre;2010/Out;97
14 Roraima;2010/Out;44
35 São Paulo;2010/Nov;3229
29 Bahia;2010/Nov;2014
31 Minas Gerais;2010/Nov;1686
33 Rio de Janeiro;2010/Nov;1407
26 Pernambuco;2010/Nov;972
23 Ceará;2010/Nov;1002
41 Paraná;2010/Nov;699
15 Pará;2010/Nov;704
43 Rio Grande do Sul;2010/Nov;688
21 Maranhão;2010/Nov;705
42 Santa Catarina;2010/Nov;513
13 Amazonas;2010/Nov;618
52 Goiás;2010/Nov;344
25 Paraíba;2010/Nov;416
22 Piauí;2010/Nov;367
27 Alagoas;2010/Nov;382
28 Sergipe;2010/Nov;320
24 Rio Grande do Norte;2010/Nov;284
32 Espírito Santo;2010/Nov;292
53 Distrito Federal;2010/Nov;283
51 Mato Grosso;2010/Nov;230
50 Mato Grosso do Sul;2010/Nov;263
17 Tocantins;2010/Nov;184
16 Amapá;2010/Nov;149
11 Rondônia;2010/Nov;136
12 Acre;2010/Nov;106
14 Roraima;2010/Nov;72
35 São Paulo;2010/Dez;3428
29 Bahia;2010/Dez;1777
31 Minas Gerais;2010/Dez;1561
33 Rio de Janeiro;2010/Dez;1411
26 Pernambuco;2010/Dez;1019
23 Ceará;2010/Dez;957
41 Paraná;2010/Dez;747
15 Pará;2010/Dez;703
43 Rio Grande do Sul;2010/Dez;639
21 Maranhão;2010/Dez;584
42 Santa Catarina;2010/Dez;544
13 Amazonas;2010/Dez;478
52 Goiás;2010/Dez;364
25 Paraíba;2010/Dez;370
22 Piauí;2010/Dez;336
27 Alagoas;2010/Dez;368
28 Sergipe;2010/Dez;369
24 Rio Grande do Norte;2010/Dez;257
32 Espírito Santo;2010/Dez;289
53 Distrito Federal;2010/Dez;193
51 Mato Grosso;2010/Dez;213
50 Mato Grosso do Sul;2010/Dez;194
17 Tocantins;2010/Dez;164
16 Amapá;2010/Dez;126
11 Rondônia;2010/Dez;101
12 Acre;2010/Dez;117
14 Roraima;2010/Dez;81
35 São Paulo;2011/Jan;2896
29 Bahia;2011/Jan;1778
31 Minas Gerais;2011/Jan;1577
33 Rio de Janeiro;2011/Jan;1150
26 Pernambuco;2011/Jan;838
23 Ceará;2011/Jan;879
41 Paraná;2011/Jan;812
15 Pará;2011/Jan;703
43 Rio Grande do Sul;2011/Jan;606
21 Maranhão;2011/Jan;624
42 Santa Catarina;2011/Jan;478
13 Amazonas;2011/Jan;492
52 Goiás;2011/Jan;353
25 Paraíba;2011/Jan;323
22 Piauí;2011/Jan;353
27 Alagoas;2011/Jan;344
28 Sergipe;2011/Jan;397
24 Rio Grande do Norte;2011/Jan;206
32 Espírito Santo;2011/Jan;284
53 Distrito Federal;2011/Jan;250
51 Mato Grosso;2011/Jan;195
50 Mato Grosso do Sul;2011/Jan;250
17 Tocantins;2011/Jan;164
16 Amapá;2011/Jan;124
11 Rondônia;2011/Jan;104
12 Acre;2011/Jan;146
14 Roraima;2011/Jan;18
35 São Paulo;2011/Fev;2690
29 Bahia;2011/Fev;1561
31 Minas Gerais;2011/Fev;1434
33 Rio de Janeiro;2011/Fev;1221
26 Pernambuco;2011/Fev;905
23 Ceará;2011/Fev;863
41 Paraná;2011/Fev;791
15 Pará;2011/Fev;750
43 Rio Grande do Sul;2011/Fev;519
21 Maranhão;2011/Fev;602
42 Santa Catarina;2011/Fev;495
13 Amazonas;2011/Fev;437
52 Goiás;2011/Fev;351
25 Paraíba;2011/Fev;367
22 Piauí;2011/Fev;336
27 Alagoas;2011/Fev;307
28 Sergipe;2011/Fev;259
24 Rio Grande do Norte;2011/Fev;201
32 Espírito Santo;2011/Fev;247
53 Distrito Federal;2011/Fev;134
51 Mato Grosso;2011/Fev;172
50 Mato Grosso do Sul;2011/Fev;152
17 Tocantins;2011/Fev;142
16 Amapá;2011/Fev;166
11 Rondônia;2011/Fev;123
12 Acre;2011/Fev;116
14 Roraima;2011/Fev;85
35 São Paulo;2011/Mar;2776
29 Bahia;2011/Mar;1742
31 Minas Gerais;2011/Mar;1446
33 Rio de Janeiro;2011/Mar;1008
26 Pernambuco;2011/Mar;814
23 Ceará;2011/Mar;736
41 Paraná;2011/Mar;658
15 Pará;2011/Mar;752
43 Rio Grande do Sul;2011/Mar;634
21 Maranhão;2011/Mar;573
42 Santa Catarina;2011/Mar;483
13 Amazonas;2011/Mar;353
52 Goiás;2011/Mar;361
25 Paraíba;2011/Mar;407
22 Piauí;2011/Mar;425
27 Alagoas;2011/Mar;302
28 Sergipe;2011/Mar;248
24 Rio Grande do Norte;2011/Mar;246
32 Espírito Santo;2011/Mar;241
53 Distrito Federal;2011/Mar;207
51 Mato Grosso;2011/Mar;158
50 Mato Grosso do Sul;2011/Mar;222
17 Tocantins;2011/Mar;153
16 Amapá;2011/Mar;76
11 Rondônia;2011/Mar;182
12 Acre;2011/Mar;134
14 Roraima;2011/Mar;93
35 São Paulo;2011/Abr;2597
29 Bahia;2011/Abr;1577
31 Minas Gerais;2011/Abr;1322
33 Rio de Janeiro;2011/Abr;1042
26 Pernambuco;2011/Abr;762
23 Ceará;2011/Abr;800
41 Paraná;2011/Abr;722
15 Pará;2011/Abr;784
43 Rio Grande do Sul;2011/Abr;565
21 Maranhão;2011/Abr;602
42 Santa Catarina;2011/Abr;400
13 Amazonas;2011/Abr;597
52 Goiás;2011/Abr;337
25 Paraíba;2011/Abr;316
22 Piauí;2011/Abr;302
27 Alagoas;2011/Abr;299
28 Sergipe;2011/Abr;261
24 Rio Grande do Norte;2011/Abr;209
32 Espírito Santo;2011/Abr;235
53 Distrito Federal;2011/Abr;212
51 Mato Grosso;2011/Abr;218
50 Mato Grosso do Sul;2011/Abr;157
17 Tocantins;2011/Abr;134
16 Amapá;2011/Abr;204
11 Rondônia;2011/Abr;144
12 Acre;2011/Abr;108
14 Roraima;2011/Abr;103
35 São Paulo;2011/Mai;2769
29 Bahia;2011/Mai;1401
31 Minas Gerais;2011/Mai;1335
33 Rio de Janeiro;2011/Mai;998
26 Pernambuco;2011/Mai;742
23 Ceará;2011/Mai;669
41 Paraná;2011/Mai;628
15 Pará;2011/Mai;568
43 Rio Grande do Sul;2011/Mai;527
21 Maranhão;2011/Mai;467
42 Santa Catarina;2011/Mai;396
13 Amazonas;2011/Mai;446
52 Goiás;2011/Mai;302
25 Paraíba;2011/Mai;286
22 Piauí;2011/Mai;362
27 Alagoas;2011/Mai;276
28 Sergipe;2011/Mai;262
24 Rio Grande do Norte;2011/Mai;186
32 Espírito Santo;2011/Mai;256
53 Distrito Federal;2011/Mai;271
51 Mato Grosso;2011/Mai;198
50 Mato Grosso do Sul;2011/Mai;140
17 Tocantins;2011/Mai;147
16 Amapá;2011/Mai;179
11 Rondônia;2011/Mai;168
12 Acre;2011/Mai;107
14 Roraima;2011/Mai;93
35 São Paulo;2011/Jun;2556
29 Bahia;2011/Jun;1541
31 Minas Gerais;2011/Jun;1475
33 Rio de Janeiro;2011/Jun;1139
26 Pernambuco;2011/Jun;802
23 Ceará;2011/Jun;809
41 Paraná;2011/Jun;650
15 Pará;2011/Jun;703
43 Rio Grande do Sul;2011/Jun;592
21 Maranhão;2011/Jun;504
42 Santa Catarina;2011/Jun;370
13 Amazonas;2011/Jun;512
52 Goiás;2011/Jun;277
25 Paraíba;2011/Jun;302
22 Piauí;2011/Jun;317
27 Alagoas;2011/Jun;295
28 Sergipe;2011/Jun;236
24 Rio Grande do Norte;2011/Jun;221
32 Espírito Santo;2011/Jun;266
53 Distrito Federal;2011/Jun;249
51 Mato Grosso;2011/Jun;179
50 Mato Grosso do Sul;2011/Jun;152
17 Tocantins;2011/Jun;187
16 Amapá;2011/Jun;66
11 Rondônia;2011/Jun;171
12 Acre;2011/Jun;135
14 Roraima;2011/Jun;129
35 São Paulo;2011/Jul;2864
29 Bahia;2011/Jul;1549
31 Minas Gerais;2011/Jul;1627
33 Rio de Janeiro;2011/Jul;1160
26 Pernambuco;2011/Jul;826
23 Ceará;2011/Jul;827
41 Paraná;2011/Jul;702
15 Pará;2011/Jul;602
43 Rio Grande do Sul;2011/Jul;579
21 Maranhão;2011/Jul;491
42 Santa Catarina;2011/Jul;465
13 Amazonas;2011/Jul;621
52 Goiás;2011/Jul;318
25 Paraíba;2011/Jul;355
22 Piauí;2011/Jul;403
27 Alagoas;2011/Jul;317
28 Sergipe;2011/Jul;288
24 Rio Grande do Norte;2011/Jul;246
32 Espírito Santo;2011/Jul;240
53 Distrito Federal;2011/Jul;243
51 Mato Grosso;2011/Jul;210
50 Mato Grosso do Sul;2011/Jul;195
17 Tocantins;2011/Jul;132
16 Amapá;2011/Jul;252
11 Rondônia;2011/Jul;163
12 Acre;2011/Jul;119
14 Roraima;2011/Jul;121
35 São Paulo;2011/Ago;3005
29 Bahia;2011/Ago;1926
31 Minas Gerais;2011/Ago;1644
33 Rio de Janeiro;2011/Ago;1347
26 Pernambuco;2011/Ago;933
23 Ceará;2011/Ago;820
41 Paraná;2011/Ago;729
15 Pará;2011/Ago;736
43 Rio Grande do Sul;2011/Ago;663
21 Maranhão;2011/Ago;609
42 Santa Catarina;2011/Ago;375
13 Amazonas;2011/Ago;510
52 Goiás;2011/Ago;364
25 Paraíba;2011/Ago;363
22 Piauí;2011/Ago;359
27 Alagoas;2011/Ago;263
28 Sergipe;2011/Ago;288
24 Rio Grande do Norte;2011/Ago;214
32 Espírito Santo;2011/Ago;289
53 Distrito Federal;2011/Ago;189
51 Mato Grosso;2011/Ago;197
50 Mato Grosso do Sul;2011/Ago;209
17 Tocantins;2011/Ago;182
16 Amapá;2011/Ago;135
11 Rondônia;2011/Ago;158
12 Acre;2011/Ago;101
14 Roraima;2011/Ago;104
35 São Paulo;2011/Set;3347
29 Bahia;2011/Set;1914
31 Minas Gerais;2011/Set;1734
33 Rio de Janeiro;2011/Set;1339
26 Pernambuco;2011/Set;901
23 Ceará;2011/Set;866
41 Paraná;2011/Set;777
15 Pará;2011/Set;884
43 Rio Grande do Sul;2011/Set;612
21 Maranhão;2011/Set;529
42 Santa Catarina;2011/Set;517
13 Amazonas;2011/Set;527
52 Goiás;2011/Set;392
25 Paraíba;2011/Set;375
22 Piauí;2011/Set;346
27 Alagoas;2011/Set;387
28 Sergipe;2011/Set;356
24 Rio Grande do Norte;2011/Set;279
32 Espírito Santo;2011/Set;299
53 Distrito Federal;2011/Set;232
51 Mato Grosso;2011/Set;238
50 Mato Grosso do Sul;2011/Set;198
17 Tocantins;2011/Set;187
16 Amapá;2011/Set;177
11 Rondônia;2011/Set;186
12 Acre;2011/Set;120
14 Roraima;2011/Set;119
35 São Paulo;2011/Out;3292
29 Bahia;2011/Out;1752
31 Minas Gerais;2011/Out;1605
33 Rio de Janeiro;2011/Out;1372
26 Pernambuco;2011/Out;1014
23 Ceará;2011/Out;847
41 Paraná;2011/Out;815
15 Pará;2011/Out;765
43 Rio Grande do Sul;2011/Out;611
21 Maranhão;2011/Out;688
42 Santa Catarina;2011/Out;594
13 Amazonas;2011/Out;485
52 Goiás;2011/Out;347
25 Paraíba;2011/Out;412
22 Piauí;2011/Out;376
27 Alagoas;2011/Out;338
28 Sergipe;2011/Out;333
24 Rio Grande do Norte;2011/Out;239
32 Espírito Santo;2011/Out;291
53 Distrito Federal;2011/Out;285
51 Mato Grosso;2011/Out;237
50 Mato Grosso do Sul;2011/Out;194
17 Tocantins;2011/Out;171
16 Amapá;2011/Out;121
11 Rondônia;2011/Out;129
12 Acre;2011/Out;112
14 Roraima;2011/Out;84
35 São Paulo;2011/Nov;3123
29 Bahia;2011/Nov;1920
31 Minas Gerais;2011/Nov;1626
33 Rio de Janeiro;2011/Nov;1391
26 Pernambuco;2011/Nov;833
23 Ceará;2011/Nov;901
41 Paraná;2011/Nov;741
15 Pará;2011/Nov;702
43 Rio Grande do Sul;2011/Nov;647
21 Maranhão;2011/Nov;557
42 Santa Catarina;2011/Nov;566
13 Amazonas;2011/Nov;314
52 Goiás;2011/Nov;391
25 Paraíba;2011/Nov;397
22 Piauí;2011/Nov;322
27 Alagoas;2011/Nov;324
28 Sergipe;2011/Nov;344
24 Rio Grande do Norte;2011/Nov;265
32 Espírito Santo;2011/Nov;312
53 Distrito Federal;2011/Nov;123
51 Mato Grosso;2011/Nov;235
50 Mato Grosso do Sul;2011/Nov;198
17 Tocantins;2011/Nov;192
16 Amapá;2011/Nov;144
11 Rondônia;2011/Nov;176
12 Acre;2011/Nov;90
14 Roraima;2011/Nov;95
35 São Paulo;2011/Dez;3062
29 Bahia;2011/Dez;1809
31 Minas Gerais;2011/Dez;1573
33 Rio de Janeiro;2011/Dez;1328
26 Pernambuco;2011/Dez;990
23 Ceará;2011/Dez;851
41 Paraná;2011/Dez;712
15 Pará;2011/Dez;658
43 Rio Grande do Sul;2011/Dez;653
21 Maranhão;2011/Dez;770
42 Santa Catarina;2011/Dez;450
13 Amazonas;2011/Dez;475
52 Goiás;2011/Dez;367
25 Paraíba;2011/Dez;389
22 Piauí;2011/Dez;282
27 Alagoas;2011/Dez;249
28 Sergipe;2011/Dez;327
24 Rio Grande do Norte;2011/Dez;268
32 Espírito Santo;2011/Dez;274
53 Distrito Federal;2011/Dez;140
51 Mato Grosso;2011/Dez;231
50 Mato Grosso do Sul;2011/Dez;247
17 Tocantins;2011/Dez;233
16 Amapá;2011/Dez;179
11 Rondônia;2011/Dez;126
12 Acre;2011/Dez;116
14 Roraima;2011/Dez;115
35 São Paulo;2012/Jan;2808
29 Bahia;2012/Jan;1828
31 Minas Gerais;2012/Jan;1627
33 Rio de Janeiro;2012/Jan;1049
26 Pernambuco;2012/Jan;883
23 Ceará;2012/Jan;891
41 Paraná;2012/Jan;826
15 Pará;2012/Jan;825
43 Rio Grande do Sul;2012/Jan;640
21 Maranhão;2012/Jan;665
42 Santa Catarina;2012/Jan;478
13 Amazonas;2012/Jan;444
52 Goiás;2012/Jan;338
25 Paraíba;2012/Jan;396
22 Piauí;2012/Jan;284
27 Alagoas;2012/Jan;317
28 Sergipe;2012/Jan;283
24 Rio Grande do Norte;2012/Jan;265
32 Espírito Santo;2012/Jan;252
53 Distrito Federal;2012/Jan;273
51 Mato Grosso;2012/Jan;177
50 Mato Grosso do Sul;2012/Jan;215
17 Tocantins;2012/Jan;194
16 Amapá;2012/Jan;127
11 Rondônia;2012/Jan;164
12 Acre;2012/Jan;92
14 Roraima;2012/Jan;99
35 São Paulo;2012/Fev;2781
29 Bahia;2012/Fev;1518
31 Minas Gerais;2012/Fev;1441
33 Rio de Janeiro;2012/Fev;1024
26 Pernambuco;2012/Fev;812
23 Ceará;2012/Fev;816
41 Paraná;2012/Fev;710
15 Pará;2012/Fev;760
43 Rio Grande do Sul;2012/Fev;627
21 Maranhão;2012/Fev;634
42 Santa Catarina;2012/Fev;468
13 Amazonas;2012/Fev;399
52 Goiás;2012/Fev;330
25 Paraíba;2012/Fev;387
22 Piauí;2012/Fev;305
27 Alagoas;2012/Fev;264
28 Sergipe;2012/Fev;242
24 Rio Grande do Norte;2012/Fev;181
32 Espírito Santo;2012/Fev;253
53 Distrito Federal;2012/Fev;273
51 Mato Grosso;2012/Fev;164
50 Mato Grosso do Sul;2012/Fev;150
17 Tocantins;2012/Fev;204
16 Amapá;2012/Fev;72
11 Rondônia;2012/Fev;169
12 Acre;2012/Fev;119
14 Roraima;2012/Fev;102
35 São Paulo;2012/Mar;2898
29 Bahia;2012/Mar;1743
31 Minas Gerais;2012/Mar;1654
33 Rio de Janeiro;2012/Mar;1422
26 Pernambuco;2012/Mar;866
23 Ceará;2012/Mar;776
41 Paraná;2012/Mar;700
15 Pará;2012/Mar;727
43 Rio Grande do Sul;2012/Mar;668
21 Maranhão;2012/Mar;670
42 Santa Catarina;2012/Mar;488
13 Amazonas;2012/Mar;628
52 Goiás;2012/Mar;333
25 Paraíba;2012/Mar;358
22 Piauí;2012/Mar;286
27 Alagoas;2012/Mar;279
28 Sergipe;2012/Mar;256
24 Rio Grande do Norte;2012/Mar;260
32 Espírito Santo;2012/Mar;292
53 Distrito Federal;2012/Mar;202
51 Mato Grosso;2012/Mar;192
50 Mato Grosso do Sul;2012/Mar;231
17 Tocantins;2012/Mar;154
16 Amapá;2012/Mar;243
11 Rondônia;2012/Mar;167
12 Acre;2012/Mar;131
14 Roraima;2012/Mar;111
35 São Paulo;2012/Abr;2899
29 Bahia;2012/Abr;1518
31 Minas Gerais;2012/Abr;1446
33 Rio de Janeiro;2012/Abr;1136
26 Pernambuco;2012/Abr;910
23 Ceará;2012/Abr;725
41 Paraná;2012/Abr;658
15 Pará;2012/Abr;699
43 Rio Grande do Sul;2012/Abr;565
21 Maranhão;2012/Abr;614
42 Santa Catarina;2012/Abr;426
13 Amazonas;2012/Abr;399
52 Goiás;2012/Abr;317
25 Paraíba;2012/Abr;371
22 Piauí;2012/Abr;263
27 Alagoas;2012/Abr;274
28 Sergipe;2012/Abr;291
24 Rio Grande do Norte;2012/Abr;195
32 Espírito Santo;2012/Abr;243
53 Distrito Federal;2012/Abr;234
51 Mato Grosso;2012/Abr;238
50 Mato Grosso do Sul;2012/Abr;136
17 Tocantins;2012/Abr;169
16 Amapá;2012/Abr;175
11 Rondônia;2012/Abr;84
12 Acre;2012/Abr;106
14 Roraima;2012/Abr;109
35 São Paulo;2012/Mai;2660
29 Bahia;2012/Mai;1594
31 Minas Gerais;2012/Mai;1406
33 Rio de Janeiro;2012/Mai;1117
26 Pernambuco;2012/Mai;808
23 Ceará;2012/Mai;795
41 Paraná;2012/Mai;660
15 Pará;2012/Mai;733
43 Rio Grande do Sul;2012/Mai;584
21 Maranhão;2012/Mai;644
42 Santa Catarina;2012/Mai;415
13 Amazonas;2012/Mai;527
52 Goiás;2012/Mai;339
25 Paraíba;2012/Mai;335
22 Piauí;2012/Mai;311
27 Alagoas;2012/Mai;330
28 Sergipe;2012/Mai;285
24 Rio Grande do Norte;2012/Mai;240
32 Espírito Santo;2012/Mai;205
53 Distrito Federal;2012/Mai;176
51 Mato Grosso;2012/Mai;191
50 Mato Grosso do Sul;2012/Mai;201
17 Tocantins;2012/Mai;177
16 Amapá;2012/Mai;139
11 Rondônia;2012/Mai;240
12 Acre;2012/Mai;82
14 Roraima;2012/Mai;116
35 São Paulo;2012/Jun;2650
29 Bahia;2012/Jun;1549
31 Minas Gerais;2012/Jun;1465
33 Rio de Janeiro;2012/Jun;1114
26 Pernambuco;2012/Jun;848
23 Ceará;2012/Jun;776
41 Paraná;2012/Jun;667
15 Pará;2012/Jun;815
43 Rio Grande do Sul;2012/Jun;634
21 Maranhão;2012/Jun;549
42 Santa Catarina;2012/Jun;441
13 Amazonas;2012/Jun;596
52 Goiás;2012/Jun;350
25 Paraíba;2012/Jun;311
22 Piauí;2012/Jun;328
27 Alagoas;2012/Jun;303
28 Sergipe;2012/Jun;268
24 Rio Grande do Norte;2012/Jun;301
32 Espírito Santo;2012/Jun;242
53 Distrito Federal;2012/Jun;213
51 Mato Grosso;2012/Jun;213
50 Mato Grosso do Sul;2012/Jun;114
17 Tocantins;2012/Jun;176
16 Amapá;2012/Jun;199
11 Rondônia;2012/Jun;92
12 Acre;2012/Jun;118
14 Roraima;2012/Jun;131
35 São Paulo;2012/Jul;2956
29 Bahia;2012/Jul;1591
31 Minas Gerais;2012/Jul;1520
33 Rio de Janeiro;2012/Jul;1140
26 Pernambuco;2012/Jul;872
23 Ceará;2012/Jul;736
41 Paraná;2012/Jul;693
15 Pará;2012/Jul;693
43 Rio Grande do Sul;2012/Jul;619
21 Maranhão;2012/Jul;661
42 Santa Catarina;2012/Jul;459
13 Amazonas;2012/Jul;462
52 Goiás;2012/Jul;315
25 Paraíba;2012/Jul;340
22 Piauí;2012/Jul;310
27 Alagoas;2012/Jul;358
28 Sergipe;2012/Jul;276
24 Rio Grande do Norte;2012/Jul;255
32 Espírito Santo;2012/Jul;222
53 Distrito Federal;2012/Jul;279
51 Mato Grosso;2012/Jul;213
50 Mato Grosso do Sul;2012/Jul;184
17 Tocantins;2012/Jul;172
16 Amapá;2012/Jul;142
11 Rondônia;2012/Jul;188
12 Acre;2012/Jul;122
14 Roraima;2012/Jul;96
35 São Paulo;2012/Ago;3202
29 Bahia;2012/Ago;1628
31 Minas Gerais;2012/Ago;1519
33 Rio de Janeiro;2012/Ago;1385
26 Pernambuco;2012/Ago;892
23 Ceará;2012/Ago;816
41 Paraná;2012/Ago;823
15 Pará;2012/Ago;638
43 Rio Grande do Sul;2012/Ago;715
21 Maranhão;2012/Ago;634
42 Santa Catarina;2012/Ago;518
13 Amazonas;2012/Ago;451
52 Goiás;2012/Ago;285
25 Paraíba;2012/Ago;384
22 Piauí;2012/Ago;317
27 Alagoas;2012/Ago;314
28 Sergipe;2012/Ago;338
24 Rio Grande do Norte;2012/Ago;198
32 Espírito Santo;2012/Ago;304
53 Distrito Federal;2012/Ago;264
51 Mato Grosso;2012/Ago;200
50 Mato Grosso do Sul;2012/Ago;205
17 Tocantins;2012/Ago;170
16 Amapá;2012/Ago;95
11 Rondônia;2012/Ago;172
12 Acre;2012/Ago;131
14 Roraima;2012/Ago;108
35 São Paulo;2012/Set;3010
29 Bahia;2012/Set;1735
31 Minas Gerais;2012/Set;1536
33 Rio de Janeiro;2012/Set;1329
26 Pernambuco;2012/Set;909
23 Ceará;2012/Set;762
41 Paraná;2012/Set;784
15 Pará;2012/Set;761
43 Rio Grande do Sul;2012/Set;660
21 Maranhão;2012/Set;617
42 Santa Catarina;2012/Set;492
13 Amazonas;2012/Set;385
52 Goiás;2012/Set;431
25 Paraíba;2012/Set;374
22 Piauí;2012/Set;318
27 Alagoas;2012/Set;302
28 Sergipe;2012/Set;288
24 Rio Grande do Norte;2012/Set;279
32 Espírito Santo;2012/Set;276
53 Distrito Federal;2012/Set;216
51 Mato Grosso;2012/Set;192
50 Mato Grosso do Sul;2012/Set;191
17 Tocantins;2012/Set;175
16 Amapá;2012/Set;190
11 Rondônia;2012/Set;119
12 Acre;2012/Set;123
14 Roraima;2012/Set;118
35 São Paulo;2012/Out;3030
29 Bahia;2012/Out;1795
31 Minas Gerais;2012/Out;1560
33 Rio de Janeiro;2012/Out;1277
26 Pernambuco;2012/Out;813
23 Ceará;2012/Out;815
41 Paraná;2012/Out;759
15 Pará;2012/Out;647
43 Rio Grande do Sul;2012/Out;703
21 Maranhão;2012/Out;616
42 Santa Catarina;2012/Out;547
13 Amazonas;2012/Out;428
52 Goiás;2012/Out;360
25 Paraíba;2012/Out;355
22 Piauí;2012/Out;296
27 Alagoas;2012/Out;363
28 Sergipe;2012/Out;336
24 Rio Grande do Norte;2012/Out;278
32 Espírito Santo;2012/Out;303
53 Distrito Federal;2012/Out;195
51 Mato Grosso;2012/Out;218
50 Mato Grosso do Sul;2012/Out;204
17 Tocantins;2012/Out;182
16 Amapá;2012/Out;200
11 Rondônia;2012/Out;114
12 Acre;2012/Out;97
14 Roraima;2012/Out;71
35 São Paulo;2012/Nov;2974
29 Bahia;2012/Nov;1731
31 Minas Gerais;2012/Nov;1520
33 Rio de Janeiro;2012/Nov;1129
26 Pernambuco;2012/Nov;1038
23 Ceará;2012/Nov;923
41 Paraná;2012/Nov;707
15 Pará;2012/Nov;734
43 Rio Grande do Sul;2012/Nov;707
21 Maranhão;2012/Nov;626
42 Santa Catarina;2012/Nov;532
13 Amazonas;2012/Nov;474
52 Goiás;2012/Nov;323
25 Paraíba;2012/Nov;377
22 Piauí;2012/Nov;309
27 Alagoas;2012/Nov;343
28 Sergipe;2012/Nov;262
24 Rio Grande do Norte;2012/Nov;250
32 Espírito Santo;2012/Nov;286
53 Distrito Federal;2012/Nov;215
51 Mato Grosso;2012/Nov;234
50 Mato Grosso do Sul;2012/Nov;151
17 Tocantins;2012/Nov;186
16 Amapá;2012/Nov;138
11 Rondônia;2012/Nov;172
12 Acre;2012/Nov;106
14 Roraima;2012/Nov;117
35 São Paulo;2012/Dez;2814
29 Bahia;2012/Dez;1518
31 Minas Gerais;2012/Dez;1336
33 Rio de Janeiro;2012/Dez;1089
26 Pernambuco;2012/Dez;986
23 Ceará;2012/Dez;803
41 Paraná;2012/Dez;755
15 Pará;2012/Dez;807
43 Rio Grande do Sul;2012/Dez;564
21 Maranhão;2012/Dez;574
42 Santa Catarina;2012/Dez;498
13 Amazonas;2012/Dez;341
52 Goiás;2012/Dez;315
25 Paraíba;2012/Dez;333
22 Piauí;2012/Dez;241
27 Alagoas;2012/Dez;284
28 Sergipe;2012/Dez;282
24 Rio Grande do Norte;2012/Dez;192
32 Espírito Santo;2012/Dez;282
53 Distrito Federal;2012/Dez;177
51 Mato Grosso;2012/Dez;254
50 Mato Grosso do Sul;2012/Dez;207
17 Tocantins;2012/Dez;181
16 Amapá;2012/Dez;128
11 Rondônia;2012/Dez;83
12 Acre;2012/Dez;126
14 Roraima;2012/Dez;93
35 São Paulo;2013/Jan;2944
29 Bahia;2013/Jan;1556
31 Minas Gerais;2013/Jan;1666
33 Rio de Janeiro;2013/Jan;1244
26 Pernambuco;2013/Jan;855
23 Ceará;2013/Jan;811
41 Paraná;2013/Jan;709
15 Pará;2013/Jan;721
43 Rio Grande do Sul;2013/Jan;611
21 Maranhão;2013/Jan;705
42 Santa Catarina;2013/Jan;566
13 Amazonas;2013/Jan;563
52 Goiás;2013/Jan;309
25 Paraíba;2013/Jan;332
22 Piauí;2013/Jan;329
27 Alagoas;2013/Jan;337
28 Sergipe;2013/Jan;297
24 Rio Grande do Norte;2013/Jan;275
32 Espírito Santo;2013/Jan;287
53 Distrito Federal;2013/Jan;226
51 Mato Grosso;2013/Jan;251
50 Mato Grosso do Sul;2013/Jan;200
17 Tocantins;2013/Jan;160
16 Amapá;2013/Jan;180
11 Rondônia;2013/Jan;136
12 Acre;2013/Jan;118
14 Roraima;2013/Jan;105
35 São Paulo;2013/Fev;2497
29 Bahia;2013/Fev;1528
31 Minas Gerais;2013/Fev;1364
33 Rio de Janeiro;2013/Fev;996
26 Pernambuco;2013/Fev;885
23 Ceará;2013/Fev;769
41 Paraná;2013/Fev;749
15 Pará;2013/Fev;740
43 Rio Grande do Sul;2013/Fev;534
21 Maranhão;2013/Fev;662
42 Santa Catarina;2013/Fev;473
13 Amazonas;2013/Fev;409
52 Goiás;2013/Fev;281
25 Paraíba;2013/Fev;333
22 Piauí;2013/Fev;314
27 Alagoas;2013/Fev;275
28 Sergipe;2013/Fev;253
24 Rio Grande do Norte;2013/Fev;222
32 Espírito Santo;2013/Fev;263
53 Distrito Federal;2013/Fev;300
51 Mato Grosso;2013/Fev;206
50 Mato Grosso do Sul;2013/Fev;144
17 Tocantins;2013/Fev;142
16 Amapá;2013/Fev;139
11 Rondônia;2013/Fev;106
12 Acre;2013/Fev;132
14 Roraima;2013/Fev;91
35 São Paulo;2013/Mar;2593
29 Bahia;2013/Mar;1524
31 Minas Gerais;2013/Mar;1441
33 Rio de Janeiro;2013/Mar;1158
26 Pernambuco;2013/Mar;1053
23 Ceará;2013/Mar;792
41 Paraná;2013/Mar;649
15 Pará;2013/Mar;709
43 Rio Grande do Sul;2013/Mar;557
21 Maranhão;2013/Mar;645
42 Santa Catarina;2013/Mar;442
13 Amazonas;2013/Mar;523
52 Goiás;2013/Mar;308
25 Paraíba;2013/Mar;350
22 Piauí;2013/Mar;357
27 Alagoas;2013/Mar;306
28 Sergipe;2013/Mar;369
24 Rio Grande do Norte;2013/Mar;223
32 Espírito Santo;2013/Mar;245
53 Distrito Federal;2013/Mar;359
51 Mato Grosso;2013/Mar;238
50 Mato Grosso do Sul;2013/Mar;240
17 Tocantins;2013/Mar;166
16 Amapá;2013/Mar;182
11 Rondônia;2013/Mar;207
12 Acre;2013/Mar;89
14 Roraima;2013/Mar;181
35 São Paulo;2013/Abr;2719
29 Bahia;2013/Abr;1529
31 Minas Gerais;2013/Abr;1419
33 Rio de Janeiro;2013/Abr;1263
26 Pernambuco;2013/Abr;796
23 Ceará;2013/Abr;794
41 Paraná;2013/Abr;704
15 Pará;2013/Abr;702
43 Rio Grande do Sul;2013/Abr;588
21 Maranhão;2013/Abr;637
42 Santa Catarina;2013/Abr;466
13 Amazonas;2013/Abr;529
52 Goiás;2013/Abr;369
25 Paraíba;2013/Abr;279
22 Piauí;2013/Abr;321
27 Alagoas;2013/Abr;298
28 Sergipe;2013/Abr;217
24 Rio Grande do Norte;2013/Abr;184
32 Espírito Santo;2013/Abr;258
53 Distrito Federal;2013/Abr;223
51 Mato Grosso;2013/Abr;218
50 Mato Grosso do Sul;2013/Abr;168
17 Tocantins;2013/Abr;135
16 Amapá;2013/Abr;178
11 Rondônia;2013/Abr;186
12 Acre;2013/Abr;114
14 Roraima;2013/Abr;95
35 São Paulo;2013/Mai;2461
29 Bahia;2013/Mai;1285
31 Minas Gerais;2013/Mai;1379
33 Rio de Janeiro;2013/Mai;1186
26 Pernambuco;2013/Mai;813
23 Ceará;2013/Mai;700
41 Paraná;2013/Mai;696
15 Pará;2013/Mai;789
43 Rio Grande do Sul;2013/Mai;553
21 Maranhão;2013/Mai;525
42 Santa Catarina;2013/Mai;507
13 Amazonas;2013/Mai;579
52 Goiás;2013/Mai;287
25 Paraíba;2013/Mai;329
22 Piauí;2013/Mai;295
27 Alagoas;2013/Mai;315
28 Sergipe;2013/Mai;268
24 Rio Grande do Norte;2013/Mai;204
32 Espírito Santo;2013/Mai;233
53 Distrito Federal;2013/Mai;242
51 Mato Grosso;2013/Mai;214
50 Mato Grosso do Sul;2013/Mai;188
17 Tocantins;2013/Mai;162
16 Amapá;2013/Mai;141
11 Rondônia;2013/Mai;174
12 Acre;2013/Mai;95
14 Roraima;2013/Mai;118
35 São Paulo;2013/Jun;2556
29 Bahia;2013/Jun;1346
31 Minas Gerais;2013/Jun;1357
33 Rio de Janeiro;2013/Jun;1215
26 Pernambuco;2013/Jun;807
23 Ceará;2013/Jun;627
41 Paraná;2013/Jun;733
15 Pará;2013/Jun;752
43 Rio Grande do Sul;2013/Jun;561
21 Maranhão;2013/Jun;545
42 Santa Catarina;2013/Jun;470
13 Amazonas;2013/Jun;549
52 Goiás;2013/Jun;309
25 Paraíba;2013/Jun;296
22 Piauí;2013/Jun;302
27 Alagoas;2013/Jun;266
28 Sergipe;2013/Jun;247
24 Rio Grande do Norte;2013/Jun;208
32 Espírito Santo;2013/Jun;236
53 Distrito Federal;2013/Jun;215
51 Mato Grosso;2013/Jun;200
50 Mato Grosso do Sul;2013/Jun;176
17 Tocantins;2013/Jun;146
16 Amapá;2013/Jun;132
11 Rondônia;2013/Jun;121
12 Acre;2013/Jun;89
14 Roraima;2013/Jun;143
35 São Paulo;2013/Jul;2795
29 Bahia;2013/Jul;1535
31 Minas Gerais;2013/Jul;1424
33 Rio de Janeiro;2013/Jul;1312
26 Pernambuco;2013/Jul;830
23 Ceará;2013/Jul;752
41 Paraná;2013/Jul;760
15 Pará;2013/Jul;802
43 Rio Grande do Sul;2013/Jul;589
21 Maranhão;2013/Jul;680
42 Santa Catarina;2013/Jul;513
13 Amazonas;2013/Jul;563
52 Goiás;2013/Jul;322
25 Paraíba;2013/Jul;308
22 Piauí;2013/Jul;286
27 Alagoas;2013/Jul;278
28 Sergipe;2013/Jul;221
24 Rio Grande do Norte;2013/Jul;264
32 Espírito Santo;2013/Jul;264
53 Distrito Federal;2013/Jul;262
51 Mato Grosso;2013/Jul;214
50 Mato Grosso do Sul;2013/Jul;204
17 Tocantins;2013/Jul;151
16 Amapá;2013/Jul;152
11 Rondônia;2013/Jul;179
12 Acre;2013/Jul;89
14 Roraima;2013/Jul;116
35 São Paulo;2013/Ago;3078
29 Bahia;2013/Ago;1722
31 Minas Gerais;2013/Ago;1553
33 Rio de Janeiro;2013/Ago;1439
26 Pernambuco;2013/Ago;866
23 Ceará;2013/Ago;682
41 Paraná;2013/Ago;785
15 Pará;2013/Ago;712
43 Rio Grande do Sul;2013/Ago;561
21 Maranhão;2013/Ago;594
42 Santa Catarina;2013/Ago;528
13 Amazonas;2013/Ago;538
52 Goiás;2013/Ago;400
25 Paraíba;2013/Ago;310
22 Piauí;2013/Ago;348
27 Alagoas;2013/Ago;312
28 Sergipe;2013/Ago;244
24 Rio Grande do Norte;2013/Ago;233
32 Espírito Santo;2013/Ago;237
53 Distrito Federal;2013/Ago;265
51 Mato Grosso;2013/Ago;228
50 Mato Grosso do Sul;2013/Ago;228
17 Tocantins;2013/Ago;156
16 Amapá;2013/Ago;144
11 Rondônia;2013/Ago;145
12 Acre;2013/Ago;88
14 Roraima;2013/Ago;123
35 São Paulo;2013/Set;3070
29 Bahia;2013/Set;1697
31 Minas Gerais;2013/Set;1620
33 Rio de Janeiro;2013/Set;1411
26 Pernambuco;2013/Set;861
23 Ceará;2013/Set;741
41 Paraná;2013/Set;718
15 Pará;2013/Set;756
43 Rio Grande do Sul;2013/Set;572
21 Maranhão;2013/Set;611
42 Santa Catarina;2013/Set;534
13 Amazonas;2013/Set;504
52 Goiás;2013/Set;376
25 Paraíba;2013/Set;362
22 Piauí;2013/Set;338
27 Alagoas;2013/Set;285
28 Sergipe;2013/Set;249
24 Rio Grande do Norte;2013/Set;277
32 Espírito Santo;2013/Set;287
53 Distrito Federal;2013/Set;286
51 Mato Grosso;2013/Set;248
50 Mato Grosso do Sul;2013/Set;226
17 Tocantins;2013/Set;187
16 Amapá;2013/Set;136
11 Rondônia;2013/Set;170
12 Acre;2013/Set;93
14 Roraima;2013/Set;81
35 São Paulo;2013/Out;3305
29 Bahia;2013/Out;1736
31 Minas Gerais;2013/Out;1587
33 Rio de Janeiro;2013/Out;1515
26 Pernambuco;2013/Out;903
23 Ceará;2013/Out;947
41 Paraná;2013/Out;721
15 Pará;2013/Out;824
43 Rio Grande do Sul;2013/Out;607
21 Maranhão;2013/Out;696
42 Santa Catarina;2013/Out;530
13 Amazonas;2013/Out;572
52 Goiás;2013/Out;341
25 Paraíba;2013/Out;340
22 Piauí;2013/Out;344
27 Alagoas;2013/Out;337
28 Sergipe;2013/Out;276
24 Rio Grande do Norte;2013/Out;266
32 Espírito Santo;2013/Out;261
53 Distrito Federal;2013/Out;206
51 Mato Grosso;2013/Out;237
50 Mato Grosso do Sul;2013/Out;200
17 Tocantins;2013/Out;188
16 Amapá;2013/Out;111
11 Rondônia;2013/Out;135
12 Acre;2013/Out;120
14 Roraima;2013/Out;151
35 São Paulo;2013/Nov;3073
29 Bahia;2013/Nov;1629
31 Minas Gerais;2013/Nov;1467
33 Rio de Janeiro;2013/Nov;1383
26 Pernambuco;2013/Nov;964
23 Ceará;2013/Nov;725
41 Paraná;2013/Nov;777
15 Pará;2013/Nov;768
43 Rio Grande do Sul;2013/Nov;607
21 Maranhão;2013/Nov;700
42 Santa Catarina;2013/Nov;570
13 Amazonas;2013/Nov;528
52 Goiás;2013/Nov;390
25 Paraíba;2013/Nov;356
22 Piauí;2013/Nov;356
27 Alagoas;2013/Nov;250
28 Sergipe;2013/Nov;330
24 Rio Grande do Norte;2013/Nov;289
32 Espírito Santo;2013/Nov;223
53 Distrito Federal;2013/Nov;200
51 Mato Grosso;2013/Nov;257
50 Mato Grosso do Sul;2013/Nov;207
17 Tocantins;2013/Nov;183
16 Amapá;2013/Nov;113
11 Rondônia;2013/Nov;173
12 Acre;2013/Nov;115
14 Roraima;2013/Nov;87
35 São Paulo;2013/Dez;2777
29 Bahia;2013/Dez;1594
31 Minas Gerais;2013/Dez;1434
33 Rio de Janeiro;2013/Dez;1244
26 Pernambuco;2013/Dez;955
23 Ceará;2013/Dez;858
41 Paraná;2013/Dez;690
15 Pará;2013/Dez;768
43 Rio Grande do Sul;2013/Dez;574
21 Maranhão;2013/Dez;617
42 Santa Catarina;2013/Dez;526
13 Amazonas;2013/Dez;517
52 Goiás;2013/Dez;332
25 Paraíba;2013/Dez;301
22 Piauí;2013/Dez;296
27 Alagoas;2013/Dez;308
28 Sergipe;2013/Dez;287
24 Rio Grande do Norte;2013/Dez;334
32 Espírito Santo;2013/Dez;226
53 Distrito Federal;2013/Dez;199
51 Mato Grosso;2013/Dez;249
50 Mato Grosso do Sul;2013/Dez;204
17 Tocantins;2013/Dez;157
16 Amapá;2013/Dez;114
11 Rondônia;2013/Dez;94
12 Acre;2013/Dez;105
14 Roraima;2013/Dez;44
35 São Paulo;2014/Jan;3081
29 Bahia;2014/Jan;1588
31 Minas Gerais;2014/Jan;1550
33 Rio de Janeiro;2014/Jan;1296
26 Pernambuco;2014/Jan;890
23 Ceará;2014/Jan;907
41 Paraná;2014/Jan;740
15 Pará;2014/Jan;690
43 Rio Grande do Sul;2014/Jan;647
21 Maranhão;2014/Jan;631
42 Santa Catarina;2014/Jan;543
13 Amazonas;2014/Jan;542
52 Goiás;2014/Jan;366
25 Paraíba;2014/Jan;301
22 Piauí;2014/Jan;377
27 Alagoas;2014/Jan;259
28 Sergipe;2014/Jan;312
24 Rio Grande do Norte;2014/Jan;352
32 Espírito Santo;2014/Jan;222
53 Distrito Federal;2014/Jan;201
51 Mato Grosso;2014/Jan;224
50 Mato Grosso do Sul;2014/Jan;200
17 Tocantins;2014/Jan;186
16 Amapá;2014/Jan;116
11 Rondônia;2014/Jan;171
12 Acre;2014/Jan;143
14 Roraima;2014/Jan;123
35 São Paulo;2014/Fev;2665
29 Bahia;2014/Fev;1559
31 Minas Gerais;2014/Fev;1411
33 Rio de Janeiro;2014/Fev;1122
26 Pernambuco;2014/Fev;852
23 Ceará;2014/Fev;754
41 Paraná;2014/Fev;677
15 Pará;2014/Fev;703
43 Rio Grande do Sul;2014/Fev;580
21 Maranhão;2014/Fev;671
42 Santa Catarina;2014/Fev;528
13 Amazonas;2014/Fev;471
52 Goiás;2014/Fev;347
25 Paraíba;2014/Fev;271
22 Piauí;2014/Fev;278
27 Alagoas;2014/Fev;266
28 Sergipe;2014/Fev;260
24 Rio Grande do Norte;2014/Fev;327
32 Espírito Santo;2014/Fev;243
53 Distrito Federal;2014/Fev;189
51 Mato Grosso;2014/Fev;222
50 Mato Grosso do Sul;2014/Fev;213
17 Tocantins;2014/Fev;181
16 Amapá;2014/Fev;139
11 Rondônia;2014/Fev;161
12 Acre;2014/Fev;114
14 Roraima;2014/Fev;93
35 São Paulo;2014/Mar;2641
29 Bahia;2014/Mar;1489
31 Minas Gerais;2014/Mar;1350
33 Rio de Janeiro;2014/Mar;1077
26 Pernambuco;2014/Mar;816
23 Ceará;2014/Mar;860
41 Paraná;2014/Mar;731
15 Pará;2014/Mar;639
43 Rio Grande do Sul;2014/Mar;541
21 Maranhão;2014/Mar;654
42 Santa Catarina;2014/Mar;458
13 Amazonas;2014/Mar;471
52 Goiás;2014/Mar;306
25 Paraíba;2014/Mar;244
22 Piauí;2014/Mar;300
27 Alagoas;2014/Mar;272
28 Sergipe;2014/Mar;306
24 Rio Grande do Norte;2014/Mar;392
32 Espírito Santo;2014/Mar;242
53 Distrito Federal;2014/Mar;241
51 Mato Grosso;2014/Mar;206
50 Mato Grosso do Sul;2014/Mar;184
17 Tocantins;2014/Mar;160
16 Amapá;2014/Mar;132
11 Rondônia;2014/Mar;241
12 Acre;2014/Mar;109
14 Roraima;2014/Mar;109
35 São Paulo;2014/Abr;2620
29 Bahia;2014/Abr;1364
31 Minas Gerais;2014/Abr;1331
33 Rio de Janeiro;2014/Abr;1158
26 Pernambuco;2014/Abr;851
23 Ceará;2014/Abr;726
41 Paraná;2014/Abr;675
15 Pará;2014/Abr;757
43 Rio Grande do Sul;2014/Abr;481
21 Maranhão;2014/Abr;592
42 Santa Catarina;2014/Abr;457
13 Amazonas;2014/Abr;498
52 Goiás;2014/Abr;343
25 Paraíba;2014/Abr;252
22 Piauí;2014/Abr;282
27 Alagoas;2014/Abr;254
28 Sergipe;2014/Abr;245
24 Rio Grande do Norte;2014/Abr;437
32 Espírito Santo;2014/Abr;192
53 Distrito Federal;2014/Abr;151
51 Mato Grosso;2014/Abr;228
50 Mato Grosso do Sul;2014/Abr;177
17 Tocantins;2014/Abr;165
16 Amapá;2014/Abr;142
11 Rondônia;2014/Abr;92
12 Acre;2014/Abr;86
14 Roraima;2014/Abr;118
35 São Paulo;2014/Mai;2645
29 Bahia;2014/Mai;1332
31 Minas Gerais;2014/Mai;1371
33 Rio de Janeiro;2014/Mai;1203
26 Pernambuco;2014/Mai;839
23 Ceará;2014/Mai;797
41 Paraná;2014/Mai;631
15 Pará;2014/Mai;690
43 Rio Grande do Sul;2014/Mai;495
21 Maranhão;2014/Mai;630
42 Santa Catarina;2014/Mai;471
13 Amazonas;2014/Mai;466
52 Goiás;2014/Mai;310
25 Paraíba;2014/Mai;250
22 Piauí;2014/Mai;278
27 Alagoas;2014/Mai;266
28 Sergipe;2014/Mai;243
24 Rio Grande do Norte;2014/Mai;318
32 Espírito Santo;2014/Mai;217
53 Distrito Federal;2014/Mai;241
51 Mato Grosso;2014/Mai;223
50 Mato Grosso do Sul;2014/Mai;152
17 Tocantins;2014/Mai;158
16 Amapá;2014/Mai;170
11 Rondônia;2014/Mai;185
12 Acre;2014/Mai;113
14 Roraima;2014/Mai;90
35 São Paulo;2014/Jun;2555
29 Bahia;2014/Jun;1342
31 Minas Gerais;2014/Jun;1417
33 Rio de Janeiro;2014/Jun;1070
26 Pernambuco;2014/Jun;820
23 Ceará;2014/Jun;682
41 Paraná;2014/Jun;695
15 Pará;2014/Jun;666
43 Rio Grande do Sul;2014/Jun;504
21 Maranhão;2014/Jun;596
42 Santa Catarina;2014/Jun;416
13 Amazonas;2014/Jun;446
52 Goiás;2014/Jun;317
25 Paraíba;2014/Jun;297
22 Piauí;2014/Jun;316
27 Alagoas;2014/Jun;278
28 Sergipe;2014/Jun;256
24 Rio Grande do Norte;2014/Jun;269
32 Espírito Santo;2014/Jun;206
53 Distrito Federal;2014/Jun;137
51 Mato Grosso;2014/Jun;199
50 Mato Grosso do Sul;2014/Jun;159
17 Tocantins;2014/Jun;147
16 Amapá;2014/Jun;50
11 Rondônia;2014/Jun;128
12 Acre;2014/Jun;112
14 Roraima;2014/Jun;118
35 São Paulo;2014/Jul;2859
29 Bahia;2014/Jul;1588
31 Minas Gerais;2014/Jul;1590
33 Rio de Janeiro;2014/Jul;1296
26 Pernambuco;2014/Jul;810
23 Ceará;2014/Jul;838
41 Paraná;2014/Jul;755
15 Pará;2014/Jul;576
43 Rio Grande do Sul;2014/Jul;563
21 Maranhão;2014/Jul;637
42 Santa Catarina;2014/Jul;500
13 Amazonas;2014/Jul;430
52 Goiás;2014/Jul;312
25 Paraíba;2014/Jul;303
22 Piauí;2014/Jul;269
27 Alagoas;2014/Jul;263
28 Sergipe;2014/Jul;247
24 Rio Grande do Norte;2014/Jul;313
32 Espírito Santo;2014/Jul;231
53 Distrito Federal;2014/Jul;203
51 Mato Grosso;2014/Jul;211
50 Mato Grosso do Sul;2014/Jul;174
17 Tocantins;2014/Jul;177
16 Amapá;2014/Jul;150
11 Rondônia;2014/Jul;171
12 Acre;2014/Jul;72
14 Roraima;2014/Jul;100
35 São Paulo;2014/Ago;3098
29 Bahia;2014/Ago;1611
31 Minas Gerais;2014/Ago;1438
33 Rio de Janeiro;2014/Ago;1325
26 Pernambuco;2014/Ago;770
23 Ceará;2014/Ago;825
41 Paraná;2014/Ago;778
15 Pará;2014/Ago;693
43 Rio Grande do Sul;2014/Ago;544
21 Maranhão;2014/Ago;665
42 Santa Catarina;2014/Ago;571
13 Amazonas;2014/Ago;432
52 Goiás;2014/Ago;347
25 Paraíba;2014/Ago;319
22 Piauí;2014/Ago;342
27 Alagoas;2014/Ago;287
28 Sergipe;2014/Ago;251
24 Rio Grande do Norte;2014/Ago;280
32 Espírito Santo;2014/Ago;246
53 Distrito Federal;2014/Ago;271
51 Mato Grosso;2014/Ago;213
50 Mato Grosso do Sul;2014/Ago;149
17 Tocantins;2014/Ago;167
16 Amapá;2014/Ago;145
11 Rondônia;2014/Ago;117
12 Acre;2014/Ago;87
14 Roraima;2014/Ago;78
35 São Paulo;2014/Set;2950
29 Bahia;2014/Set;1710
31 Minas Gerais;2014/Set;1579
33 Rio de Janeiro;2014/Set;1589
26 Pernambuco;2014/Set;913
23 Ceará;2014/Set;875
41 Paraná;2014/Set;823
15 Pará;2014/Set;715
43 Rio Grande do Sul;2014/Set;659
21 Maranhão;2014/Set;604
42 Santa Catarina;2014/Set;565
13 Amazonas;2014/Set;425
52 Goiás;2014/Set;362
25 Paraíba;2014/Set;319
22 Piauí;2014/Set;311
27 Alagoas;2014/Set;246
28 Sergipe;2014/Set;292
24 Rio Grande do Norte;2014/Set;316
32 Espírito Santo;2014/Set;259
53 Distrito Federal;2014/Set;237
51 Mato Grosso;2014/Set;231
50 Mato Grosso do Sul;2014/Set;181
17 Tocantins;2014/Set;179
16 Amapá;2014/Set;125
11 Rondônia;2014/Set;137
12 Acre;2014/Set;109
14 Roraima;2014/Set;75
35 São Paulo;2014/Out;3135
29 Bahia;2014/Out;1757
31 Minas Gerais;2014/Out;1451
33 Rio de Janeiro;2014/Out;1321
26 Pernambuco;2014/Out;892
23 Ceará;2014/Out;887
41 Paraná;2014/Out;785
15 Pará;2014/Out;637
43 Rio Grande do Sul;2014/Out;717
21 Maranhão;2014/Out;625
42 Santa Catarina;2014/Out;588
13 Amazonas;2014/Out;456
52 Goiás;2014/Out;357
25 Paraíba;2014/Out;339
22 Piauí;2014/Out;263
27 Alagoas;2014/Out;301
28 Sergipe;2014/Out;230
24 Rio Grande do Norte;2014/Out;348
32 Espírito Santo;2014/Out;250
53 Distrito Federal;2014/Out;207
51 Mato Grosso;2014/Out;244
50 Mato Grosso do Sul;2014/Out;201
17 Tocantins;2014/Out;186
16 Amapá;2014/Out;138
11 Rondônia;2014/Out;143
12 Acre;2014/Out;128
14 Roraima;2014/Out;46
35 São Paulo;2014/Nov;3062
29 Bahia;2014/Nov;1577
31 Minas Gerais;2014/Nov;1559
33 Rio de Janeiro;2014/Nov;1419
26 Pernambuco;2014/Nov;886
23 Ceará;2014/Nov;957
41 Paraná;2014/Nov;813
15 Pará;2014/Nov;674
43 Rio Grande do Sul;2014/Nov;631
21 Maranhão;2014/Nov;635
42 Santa Catarina;2014/Nov;544
13 Amazonas;2014/Nov;345
52 Goiás;2014/Nov;322
25 Paraíba;2014/Nov;336
22 Piauí;2014/Nov;377
27 Alagoas;2014/Nov;278
28 Sergipe;2014/Nov;257
24 Rio Grande do Norte;2014/Nov;306
32 Espírito Santo;2014/Nov;280
53 Distrito Federal;2014/Nov;244
51 Mato Grosso;2014/Nov;254
50 Mato Grosso do Sul;2014/Nov;194
17 Tocantins;2014/Nov;194
16 Amapá;2014/Nov;114
11 Rondônia;2014/Nov;163
12 Acre;2014/Nov;102
14 Roraima;2014/Nov;120
35 São Paulo;2014/Dez;2770
29 Bahia;2014/Dez;1451
31 Minas Gerais;2014/Dez;1383
33 Rio de Janeiro;2014/Dez;1217
26 Pernambuco;2014/Dez;873
23 Ceará;2014/Dez;834
41 Paraná;2014/Dez;807
15 Pará;2014/Dez;619
43 Rio Grande do Sul;2014/Dez;601
21 Maranhão;2014/Dez;640
42 Santa Catarina;2014/Dez;484
13 Amazonas;2014/Dez;416
52 Goiás;2014/Dez;353
25 Paraíba;2014/Dez;320
22 Piauí;2014/Dez;226
27 Alagoas;2014/Dez;257
28 Sergipe;2014/Dez;252
24 Rio Grande do Norte;2014/Dez;305
32 Espírito Santo;2014/Dez;235
53 Distrito Federal;2014/Dez;137
51 Mato Grosso;2014/Dez;219
50 Mato Grosso do Sul;2014/Dez;247
17 Tocantins;2014/Dez;153
16 Amapá;2014/Dez;112
11 Rondônia;2014/Dez;164
12 Acre;2014/Dez;56
14 Roraima;2014/Dez;5
35 São Paulo;2015/Jan;2722
29 Bahia;2015/Jan;1522
31 Minas Gerais;2015/Jan;1397
33 Rio de Janeiro;2015/Jan;1216
26 Pernambuco;2015/Jan;811
23 Ceará;2015/Jan;857
41 Paraná;2015/Jan;812
15 Pará;2015/Jan;620
43 Rio Grande do Sul;2015/Jan;586
21 Maranhão;2015/Jan;628
42 Santa Catarina;2015/Jan;591
13 Amazonas;2015/Jan;417
52 Goiás;2015/Jan;330
25 Paraíba;2015/Jan;271
22 Piauí;2015/Jan;280
27 Alagoas;2015/Jan;320
28 Sergipe;2015/Jan;263
24 Rio Grande do Norte;2015/Jan;343
32 Espírito Santo;2015/Jan;255
53 Distrito Federal;2015/Jan;214
51 Mato Grosso;2015/Jan;220
50 Mato Grosso do Sul;2015/Jan;197
17 Tocantins;2015/Jan;164
16 Amapá;2015/Jan;116
11 Rondônia;2015/Jan;105
12 Acre;2015/Jan;102
14 Roraima;2015/Jan;103
35 São Paulo;2015/Fev;2428
29 Bahia;2015/Fev;1439
31 Minas Gerais;2015/Fev;1321
33 Rio de Janeiro;2015/Fev;1105
26 Pernambuco;2015/Fev;801
23 Ceará;2015/Fev;733
41 Paraná;2015/Fev;691
15 Pará;2015/Fev;621
43 Rio Grande do Sul;2015/Fev;526
21 Maranhão;2015/Fev;632
42 Santa Catarina;2015/Fev;489
13 Amazonas;2015/Fev;410
52 Goiás;2015/Fev;315
25 Paraíba;2015/Fev;308
22 Piauí;2015/Fev;336
27 Alagoas;2015/Fev;247
28 Sergipe;2015/Fev;271
24 Rio Grande do Norte;2015/Fev;289
32 Espírito Santo;2015/Fev;211
53 Distrito Federal;2015/Fev;138
51 Mato Grosso;2015/Fev;239
50 Mato Grosso do Sul;2015/Fev;213
17 Tocantins;2015/Fev;165
16 Amapá;2015/Fev;105
11 Rondônia;2015/Fev;159
12 Acre;2015/Fev;108
14 Roraima;2015/Fev;114
35 São Paulo;2015/Mar;2517
29 Bahia;2015/Mar;1454
31 Minas Gerais;2015/Mar;1363
33 Rio de Janeiro;2015/Mar;1333
26 Pernambuco;2015/Mar;883
23 Ceará;2015/Mar;790
41 Paraná;2015/Mar;677
15 Pará;2015/Mar;601
43 Rio Grande do Sul;2015/Mar;559
21 Maranhão;2015/Mar;702
42 Santa Catarina;2015/Mar;514
13 Amazonas;2015/Mar;473
52 Goiás;2015/Mar;337
25 Paraíba;2015/Mar;288
22 Piauí;2015/Mar;245
27 Alagoas;2015/Mar;261
28 Sergipe;2015/Mar;260
24 Rio Grande do Norte;2015/Mar;317
32 Espírito Santo;2015/Mar;212
53 Distrito Federal;2015/Mar;242
51 Mato Grosso;2015/Mar;204
50 Mato Grosso do Sul;2015/Mar;151
17 Tocantins;2015/Mar;160
16 Amapá;2015/Mar;118
11 Rondônia;2015/Mar;147
12 Acre;2015/Mar;112
14 Roraima;2015/Mar;102
35 São Paulo;2015/Abr;2384
29 Bahia;2015/Abr;1276
31 Minas Gerais;2015/Abr;1215
33 Rio de Janeiro;2015/Abr;1145
26 Pernambuco;2015/Abr;848
23 Ceará;2015/Abr;790
41 Paraná;2015/Abr;682
15 Pará;2015/Abr;673
43 Rio Grande do Sul;2015/Abr;547
21 Maranhão;2015/Abr;612
42 Santa Catarina;2015/Abr;407
13 Amazonas;2015/Abr;466
52 Goiás;2015/Abr;314
25 Paraíba;2015/Abr;280
22 Piauí;2015/Abr;296
27 Alagoas;2015/Abr;254
28 Sergipe;2015/Abr;349
24 Rio Grande do Norte;2015/Abr;310
32 Espírito Santo;2015/Abr;223
53 Distrito Federal;2015/Abr;198
51 Mato Grosso;2015/Abr;237
50 Mato Grosso do Sul;2015/Abr;171
17 Tocantins;2015/Abr;168
16 Amapá;2015/Abr;136
11 Rondônia;2015/Abr;96
12 Acre;2015/Abr;98
14 Roraima;2015/Abr;115
35 São Paulo;2015/Mai;2513
29 Bahia;2015/Mai;1441
31 Minas Gerais;2015/Mai;1343
33 Rio de Janeiro;2015/Mai;1146
26 Pernambuco;2015/Mai;869
23 Ceará;2015/Mai;772
41 Paraná;2015/Mai;728
15 Pará;2015/Mai;687
43 Rio Grande do Sul;2015/Mai;611
21 Maranhão;2015/Mai;727
42 Santa Catarina;2015/Mai;398
13 Amazonas;2015/Mai;492
52 Goiás;2015/Mai;310
25 Paraíba;2015/Mai;271
22 Piauí;2015/Mai;318
27 Alagoas;2015/Mai;237
28 Sergipe;2015/Mai;230
24 Rio Grande do Norte;2015/Mai;338
32 Espírito Santo;2015/Mai;239
53 Distrito Federal;2015/Mai;267
51 Mato Grosso;2015/Mai;221
50 Mato Grosso do Sul;2015/Mai;191
17 Tocantins;2015/Mai;137
16 Amapá;2015/Mai;120
11 Rondônia;2015/Mai;144
12 Acre;2015/Mai;104
14 Roraima;2015/Mai;99
35 São Paulo;2015/Jun;2537
29 Bahia;2015/Jun;1252
31 Minas Gerais;2015/Jun;1271
33 Rio de Janeiro;2015/Jun;1272
26 Pernambuco;2015/Jun;814
23 Ceará;2015/Jun;751
41 Paraná;2015/Jun;738
15 Pará;2015/Jun;773
43 Rio Grande do Sul;2015/Jun;563
21 Maranhão;2015/Jun;684
42 Santa Catarina;2015/Jun;441
13 Amazonas;2015/Jun;519
52 Goiás;2015/Jun;314
25 Paraíba;2015/Jun;243
22 Piauí;2015/Jun;336
27 Alagoas;2015/Jun;232
28 Sergipe;2015/Jun;261
24 Rio Grande do Norte;2015/Jun;284
32 Espírito Santo;2015/Jun;207
53 Distrito Federal;2015/Jun;186
51 Mato Grosso;2015/Jun;242
50 Mato Grosso do Sul;2015/Jun;140
17 Tocantins;2015/Jun;158
16 Amapá;2015/Jun;159
11 Rondônia;2015/Jun;131
12 Acre;2015/Jun;84
14 Roraima;2015/Jun;79
35 São Paulo;2015/Jul;2768
29 Bahia;2015/Jul;1447
31 Minas Gerais;2015/Jul;1320
33 Rio de Janeiro;2015/Jul;1592
26 Pernambuco;2015/Jul;758
23 Ceará;2015/Jul;798
41 Paraná;2015/Jul;739
15 Pará;2015/Jul;665
43 Rio Grande do Sul;2015/Jul;566
21 Maranhão;2015/Jul;680
42 Santa Catarina;2015/Jul;442
13 Amazonas;2015/Jul;496
52 Goiás;2015/Jul;323
25 Paraíba;2015/Jul;309
22 Piauí;2015/Jul;307
27 Alagoas;2015/Jul;329
28 Sergipe;2015/Jul;259
24 Rio Grande do Norte;2015/Jul;394
32 Espírito Santo;2015/Jul;287
53 Distrito Federal;2015/Jul;177
51 Mato Grosso;2015/Jul;227
50 Mato Grosso do Sul;2015/Jul;196
17 Tocantins;2015/Jul;144
16 Amapá;2015/Jul;107
11 Rondônia;2015/Jul;125
12 Acre;2015/Jul;102
14 Roraima;2015/Jul;104
35 São Paulo;2015/Ago;2855
29 Bahia;2015/Ago;1459
31 Minas Gerais;2015/Ago;1401
33 Rio de Janeiro;2015/Ago;1427
26 Pernambuco;2015/Ago;817
23 Ceará;2015/Ago;803
41 Paraná;2015/Ago;767
15 Pará;2015/Ago;709
43 Rio Grande do Sul;2015/Ago;593
21 Maranhão;2015/Ago;619
42 Santa Catarina;2015/Ago;501
13 Amazonas;2015/Ago;475
52 Goiás;2015/Ago;346
25 Paraíba;2015/Ago;319
22 Piauí;2015/Ago;363
27 Alagoas;2015/Ago;255
28 Sergipe;2015/Ago;263
24 Rio Grande do Norte;2015/Ago;260
32 Espírito Santo;2015/Ago;234
53 Distrito Federal;2015/Ago;209
51 Mato Grosso;2015/Ago;266
50 Mato Grosso do Sul;2015/Ago;207
17 Tocantins;2015/Ago;163
16 Amapá;2015/Ago;109
11 Rondônia;2015/Ago;128
12 Acre;2015/Ago;129
14 Roraima;2015/Ago;116
35 São Paulo;2015/Set;2842
29 Bahia;2015/Set;1623
31 Minas Gerais;2015/Set;1479
33 Rio de Janeiro;2015/Set;1470
26 Pernambuco;2015/Set;812
23 Ceará;2015/Set;919
41 Paraná;2015/Set;692
15 Pará;2015/Set;685
43 Rio Grande do Sul;2015/Set;562
21 Maranhão;2015/Set;591
42 Santa Catarina;2015/Set;509
13 Amazonas;2015/Set;428
52 Goiás;2015/Set;334
25 Paraíba;2015/Set;226
22 Piauí;2015/Set;346
27 Alagoas;2015/Set;284
28 Sergipe;2015/Set;246
24 Rio Grande do Norte;2015/Set;300
32 Espírito Santo;2015/Set;222
53 Distrito Federal;2015/Set;194
51 Mato Grosso;2015/Set;264
50 Mato Grosso do Sul;2015/Set;177
17 Tocantins;2015/Set;147
16 Amapá;2015/Set;107
11 Rondônia;2015/Set;181
12 Acre;2015/Set;108
14 Roraima;2015/Set;162
35 São Paulo;2015/Out;2932
29 Bahia;2015/Out;1506
31 Minas Gerais;2015/Out;1446
33 Rio de Janeiro;2015/Out;1492
26 Pernambuco;2015/Out;774
23 Ceará;2015/Out;815
41 Paraná;2015/Out;847
15 Pará;2015/Out;681
43 Rio Grande do Sul;2015/Out;596
21 Maranhão;2015/Out;637
42 Santa Catarina;2015/Out;611
13 Amazonas;2015/Out;427
52 Goiás;2015/Out;307
25 Paraíba;2015/Out;287
22 Piauí;2015/Out;372
27 Alagoas;2015/Out;275
28 Sergipe;2015/Out;325
24 Rio Grande do Norte;2015/Out;277
32 Espírito Santo;2015/Out;230
53 Distrito Federal;2015/Out;142
51 Mato Grosso;2015/Out;261
50 Mato Grosso do Sul;2015/Out;208
17 Tocantins;2015/Out;160
16 Amapá;2015/Out;113
11 Rondônia;2015/Out;132
12 Acre;2015/Out;138
14 Roraima;2015/Out;98
35 São Paulo;2015/Nov;2799
29 Bahia;2015/Nov;1713
31 Minas Gerais;2015/Nov;1372
33 Rio de Janeiro;2015/Nov;1308
26 Pernambuco;2015/Nov;860
23 Ceará;2015/Nov;865
41 Paraná;2015/Nov;789
15 Pará;2015/Nov;654
43 Rio Grande do Sul;2015/Nov;582
21 Maranhão;2015/Nov;603
42 Santa Catarina;2015/Nov;519
13 Amazonas;2015/Nov;446
52 Goiás;2015/Nov;383
25 Paraíba;2015/Nov;253
22 Piauí;2015/Nov;324
27 Alagoas;2015/Nov;360
28 Sergipe;2015/Nov;337
24 Rio Grande do Norte;2015/Nov;356
32 Espírito Santo;2015/Nov;259
53 Distrito Federal;2015/Nov;132
51 Mato Grosso;2015/Nov;267
50 Mato Grosso do Sul;2015/Nov;193
17 Tocantins;2015/Nov;168
16 Amapá;2015/Nov;105
11 Rondônia;2015/Nov;161
12 Acre;2015/Nov;128
14 Roraima;2015/Nov;104
35 São Paulo;2015/Dez;2646
29 Bahia;2015/Dez;1439
31 Minas Gerais;2015/Dez;1384
33 Rio de Janeiro;2015/Dez;1338
26 Pernambuco;2015/Dez;800
23 Ceará;2015/Dez;853
41 Paraná;2015/Dez;790
15 Pará;2015/Dez;619
43 Rio Grande do Sul;2015/Dez;579
21 Maranhão;2015/Dez;619
42 Santa Catarina;2015/Dez;441
13 Amazonas;2015/Dez;416
52 Goiás;2015/Dez;384
25 Paraíba;2015/Dez;265
22 Piauí;2015/Dez;338
27 Alagoas;2015/Dez;298
28 Sergipe;2015/Dez;280
24 Rio Grande do Norte;2015/Dez;316
32 Espírito Santo;2015/Dez;220
53 Distrito Federal;2015/Dez;211
51 Mato Grosso;2015/Dez;228
50 Mato Grosso do Sul;2015/Dez;140
17 Tocantins;2015/Dez;85
16 Amapá;2015/Dez;92
11 Rondônia;2015/Dez;140
12 Acre;2015/Dez;79
14 Roraima;2015/Dez;46
35 São Paulo;2016/Jan;2597
29 Bahia;2016/Jan;1487
31 Minas Gerais;2016/Jan;1317
33 Rio de Janeiro;2016/Jan;1204
26 Pernambuco;2016/Jan;791
23 Ceará;2016/Jan;819
41 Paraná;2016/Jan;762
15 Pará;2016/Jan;634
43 Rio Grande do Sul;2016/Jan;597
21 Maranhão;2016/Jan;648
42 Santa Catarina;2016/Jan;640
13 Amazonas;2016/Jan;417
52 Goiás;2016/Jan;333
25 Paraíba;2016/Jan;229
22 Piauí;2016/Jan;280
27 Alagoas;2016/Jan;303
28 Sergipe;2016/Jan;253
24 Rio Grande do Norte;2016/Jan;278
32 Espírito Santo;2016/Jan;246
53 Distrito Federal;2016/Jan;158
51 Mato Grosso;2016/Jan;204
50 Mato Grosso do Sul;2016/Jan;168
17 Tocantins;2016/Jan;139
16 Amapá;2016/Jan;92
11 Rondônia;2016/Jan;133
12 Acre;2016/Jan;122
14 Roraima;2016/Jan;123
35 São Paulo;2016/Fev;2476
29 Bahia;2016/Fev;1347
31 Minas Gerais;2016/Fev;1300
33 Rio de Janeiro;2016/Fev;1184
26 Pernambuco;2016/Fev;731
23 Ceará;2016/Fev;768
41 Paraná;2016/Fev;660
15 Pará;2016/Fev;599
43 Rio Grande do Sul;2016/Fev;525
21 Maranhão;2016/Fev;556
42 Santa Catarina;2016/Fev;513
13 Amazonas;2016/Fev;408
52 Goiás;2016/Fev;312
25 Paraíba;2016/Fev;254
22 Piauí;2016/Fev;400
27 Alagoas;2016/Fev;303
28 Sergipe;2016/Fev;212
24 Rio Grande do Norte;2016/Fev;270
32 Espírito Santo;2016/Fev;244
53 Distrito Federal;2016/Fev;212
51 Mato Grosso;2016/Fev;247
50 Mato Grosso do Sul;2016/Fev;142
17 Tocantins;2016/Fev;158
16 Amapá;2016/Fev;96
11 Rondônia;2016/Fev;114
12 Acre;2016/Fev;105
14 Roraima;2016/Fev;65
35 São Paulo;2016/Mar;2513
29 Bahia;2016/Mar;1235
31 Minas Gerais;2016/Mar;1218
33 Rio de Janeiro;2016/Mar;1264
26 Pernambuco;2016/Mar;722
23 Ceará;2016/Mar;720
41 Paraná;2016/Mar;736
15 Pará;2016/Mar;643
43 Rio Grande do Sul;2016/Mar;539
21 Maranhão;2016/Mar;591
42 Santa Catarina;2016/Mar;543
13 Amazonas;2016/Mar;426
52 Goiás;2016/Mar;304
25 Paraíba;2016/Mar;249
22 Piauí;2016/Mar;282
27 Alagoas;2016/Mar;213
28 Sergipe;2016/Mar;201
24 Rio Grande do Norte;2016/Mar;281
32 Espírito Santo;2016/Mar;230
53 Distrito Federal;2016/Mar;275
51 Mato Grosso;2016/Mar;222
50 Mato Grosso do Sul;2016/Mar;105
17 Tocantins;2016/Mar;156
16 Amapá;2016/Mar;92
11 Rondônia;2016/Mar;143
12 Acre;2016/Mar;128
14 Roraima;2016/Mar;78
35 São Paulo;2016/Abr;2358
29 Bahia;2016/Abr;1464
31 Minas Gerais;2016/Abr;1161
33 Rio de Janeiro;2016/Abr;1117
26 Pernambuco;2016/Abr;637
23 Ceará;2016/Abr;679
41 Paraná;2016/Abr;645
15 Pará;2016/Abr;617
43 Rio Grande do Sul;2016/Abr;528
21 Maranhão;2016/Abr;579
42 Santa Catarina;2016/Abr;436
13 Amazonas;2016/Abr;394
52 Goiás;2016/Abr;274
25 Paraíba;2016/Abr;219
22 Piauí;2016/Abr;342
27 Alagoas;2016/Abr;235
28 Sergipe;2016/Abr;211
24 Rio Grande do Norte;2016/Abr;288
32 Espírito Santo;2016/Abr;216
53 Distrito Federal;2016/Abr;177
51 Mato Grosso;2016/Abr;207
50 Mato Grosso do Sul;2016/Abr;115
17 Tocantins;2016/Abr;129
16 Amapá;2016/Abr;106
11 Rondônia;2016/Abr;139
12 Acre;2016/Abr;69
14 Roraima;2016/Abr;119
35 São Paulo;2016/Mai;2343
29 Bahia;2016/Mai;1287
31 Minas Gerais;2016/Mai;1182
33 Rio de Janeiro;2016/Mai;948
26 Pernambuco;2016/Mai;664
23 Ceará;2016/Mai;767
41 Paraná;2016/Mai;702
15 Pará;2016/Mai;611
43 Rio Grande do Sul;2016/Mai;484
21 Maranhão;2016/Mai;544
42 Santa Catarina;2016/Mai;510
13 Amazonas;2016/Mai;471
52 Goiás;2016/Mai;322
25 Paraíba;2016/Mai;213
22 Piauí;2016/Mai;242
27 Alagoas;2016/Mai;179
28 Sergipe;2016/Mai;227
24 Rio Grande do Norte;2016/Mai;204
32 Espírito Santo;2016/Mai;243
53 Distrito Federal;2016/Mai;215
51 Mato Grosso;2016/Mai;172
50 Mato Grosso do Sul;2016/Mai;115
17 Tocantins;2016/Mai;159
16 Amapá;2016/Mai;98
11 Rondônia;2016/Mai;136
12 Acre;2016/Mai;131
14 Roraima;2016/Mai;86
35 São Paulo;2016/Jun;2326
29 Bahia;2016/Jun;1368
31 Minas Gerais;2016/Jun;1195
33 Rio de Janeiro;2016/Jun;969
26 Pernambuco;2016/Jun;619
23 Ceará;2016/Jun;726
41 Paraná;2016/Jun;649
15 Pará;2016/Jun;565
43 Rio Grande do Sul;2016/Jun;456
21 Maranhão;2016/Jun;530
42 Santa Catarina;2016/Jun;471
13 Amazonas;2016/Jun;429
52 Goiás;2016/Jun;301
25 Paraíba;2016/Jun;255
22 Piauí;2016/Jun;315
27 Alagoas;2016/Jun;270
28 Sergipe;2016/Jun;214
24 Rio Grande do Norte;2016/Jun;240
32 Espírito Santo;2016/Jun;215
53 Distrito Federal;2016/Jun;231
51 Mato Grosso;2016/Jun;190
50 Mato Grosso do Sul;2016/Jun;149
17 Tocantins;2016/Jun;136
16 Amapá;2016/Jun;104
11 Rondônia;2016/Jun;142
12 Acre;2016/Jun;141
14 Roraima;2016/Jun;118
35 São Paulo;2016/Jul;2556
29 Bahia;2016/Jul;1363
31 Minas Gerais;2016/Jul;1267
33 Rio de Janeiro;2016/Jul;1131
26 Pernambuco;2016/Jul;670
23 Ceará;2016/Jul;689
41 Paraná;2016/Jul;712
15 Pará;2016/Jul;500
43 Rio Grande do Sul;2016/Jul;503
21 Maranhão;2016/Jul;527
42 Santa Catarina;2016/Jul;466
13 Amazonas;2016/Jul;462
52 Goiás;2016/Jul;325
25 Paraíba;2016/Jul;240
22 Piauí;2016/Jul;307
27 Alagoas;2016/Jul;279
28 Sergipe;2016/Jul;249
24 Rio Grande do Norte;2016/Jul;214
32 Espírito Santo;2016/Jul;255
53 Distrito Federal;2016/Jul;191
51 Mato Grosso;2016/Jul;206
50 Mato Grosso do Sul;2016/Jul;140
17 Tocantins;2016/Jul;141
16 Amapá;2016/Jul;81
11 Rondônia;2016/Jul;146
12 Acre;2016/Jul;138
14 Roraima;2016/Jul;133
35 São Paulo;2016/Ago;2730
29 Bahia;2016/Ago;1491
31 Minas Gerais;2016/Ago;1301
33 Rio de Janeiro;2016/Ago;1180
26 Pernambuco;2016/Ago;686
23 Ceará;2016/Ago;693
41 Paraná;2016/Ago;763
15 Pará;2016/Ago;682
43 Rio Grande do Sul;2016/Ago;575
21 Maranhão;2016/Ago;548
42 Santa Catarina;2016/Ago;530
13 Amazonas;2016/Ago;475
52 Goiás;2016/Ago;345
25 Paraíba;2016/Ago;279
22 Piauí;2016/Ago;315
27 Alagoas;2016/Ago;234
28 Sergipe;2016/Ago;248
24 Rio Grande do Norte;2016/Ago;251
32 Espírito Santo;2016/Ago;261
53 Distrito Federal;2016/Ago;232
51 Mato Grosso;2016/Ago;189
50 Mato Grosso do Sul;2016/Ago;131
17 Tocantins;2016/Ago;151
16 Amapá;2016/Ago;129
11 Rondônia;2016/Ago;167
12 Acre;2016/Ago;113
14 Roraima;2016/Ago;102
35 São Paulo;2016/Set;2902
29 Bahia;2016/Set;1478
31 Minas Gerais;2016/Set;1420
33 Rio de Janeiro;2016/Set;1243
26 Pernambuco;2016/Set;721
23 Ceará;2016/Set;864
41 Paraná;2016/Set;793
15 Pará;2016/Set;571
43 Rio Grande do Sul;2016/Set;580
21 Maranhão;2016/Set;547
42 Santa Catarina;2016/Set;589
13 Amazonas;2016/Set;453
52 Goiás;2016/Set;307
25 Paraíba;2016/Set;299
22 Piauí;2016/Set;343
27 Alagoas;2016/Set;269
28 Sergipe;2016/Set;260
24 Rio Grande do Norte;2016/Set;242
32 Espírito Santo;2016/Set;254
53 Distrito Federal;2016/Set;222
51 Mato Grosso;2016/Set;238
50 Mato Grosso do Sul;2016/Set;172
17 Tocantins;2016/Set;137
16 Amapá;2016/Set;93
11 Rondônia;2016/Set;153
12 Acre;2016/Set;121
14 Roraima;2016/Set;125
35 São Paulo;2016/Out;2939
29 Bahia;2016/Out;1492
31 Minas Gerais;2016/Out;1441
33 Rio de Janeiro;2016/Out;1174
26 Pernambuco;2016/Out;784
23 Ceará;2016/Out;885
41 Paraná;2016/Out;812
15 Pará;2016/Out;600
43 Rio Grande do Sul;2016/Out;602
21 Maranhão;2016/Out;583
42 Santa Catarina;2016/Out;595
13 Amazonas;2016/Out;459
52 Goiás;2016/Out;363
25 Paraíba;2016/Out;331
22 Piauí;2016/Out;312
27 Alagoas;2016/Out;294
28 Sergipe;2016/Out;255
24 Rio Grande do Norte;2016/Out;217
32 Espírito Santo;2016/Out;254
53 Distrito Federal;2016/Out;230
51 Mato Grosso;2016/Out;253
50 Mato Grosso do Sul;2016/Out;145
17 Tocantins;2016/Out;139
16 Amapá;2016/Out;112
11 Rondônia;2016/Out;146
12 Acre;2016/Out;139
14 Roraima;2016/Out;102
35 São Paulo;2016/Nov;2963
29 Bahia;2016/Nov;1498
31 Minas Gerais;2016/Nov;1392
33 Rio de Janeiro;2016/Nov;1217
26 Pernambuco;2016/Nov;753
23 Ceará;2016/Nov;879
41 Paraná;2016/Nov;870
15 Pará;2016/Nov;513
43 Rio Grande do Sul;2016/Nov;617
21 Maranhão;2016/Nov;690
42 Santa Catarina;2016/Nov;599
13 Amazonas;2016/Nov;407
52 Goiás;2016/Nov;331
25 Paraíba;2016/Nov;331
22 Piauí;2016/Nov;391
27 Alagoas;2016/Nov;301
28 Sergipe;2016/Nov;258
24 Rio Grande do Norte;2016/Nov;229
32 Espírito Santo;2016/Nov;273
53 Distrito Federal;2016/Nov;213
51 Mato Grosso;2016/Nov;247
50 Mato Grosso do Sul;2016/Nov;182
17 Tocantins;2016/Nov;141
16 Amapá;2016/Nov;96
11 Rondônia;2016/Nov;133
12 Acre;2016/Nov;95
14 Roraima;2016/Nov;81
35 São Paulo;2016/Dez;2749
29 Bahia;2016/Dez;1422
31 Minas Gerais;2016/Dez;1335
33 Rio de Janeiro;2016/Dez;1183
26 Pernambuco;2016/Dez;774
23 Ceará;2016/Dez;855
41 Paraná;2016/Dez;840
15 Pará;2016/Dez;608
43 Rio Grande do Sul;2016/Dez;657
21 Maranhão;2016/Dez;550
42 Santa Catarina;2016/Dez;560
13 Amazonas;2016/Dez;430
52 Goiás;2016/Dez;321
25 Paraíba;2016/Dez;325
22 Piauí;2016/Dez;316
27 Alagoas;2016/Dez;297
28 Sergipe;2016/Dez;266
24 Rio Grande do Norte;2016/Dez;313
32 Espírito Santo;2016/Dez;293
53 Distrito Federal;2016/Dez;183
51 Mato Grosso;2016/Dez;232
50 Mato Grosso do Sul;2016/Dez;213
17 Tocantins;2016/Dez;122
16 Amapá;2016/Dez;101
11 Rondônia;2016/Dez;139
12 Acre;2016/Dez;94
14 Roraima;2016/Dez;94
35 São Paulo;2017/Jan;2773
29 Bahia;2017/Jan;1379
31 Minas Gerais;2017/Jan;1305
33 Rio de Janeiro;2017/Jan;1106
26 Pernambuco;2017/Jan;794
23 Ceará;2017/Jan;794
41 Paraná;2017/Jan;831
15 Pará;2017/Jan;677
43 Rio Grande do Sul;2017/Jan;581
21 Maranhão;2017/Jan;567
42 Santa Catarina;2017/Jan;615
13 Amazonas;2017/Jan;430
52 Goiás;2017/Jan;356
25 Paraíba;2017/Jan;331
22 Piauí;2017/Jan;342
27 Alagoas;2017/Jan;392
28 Sergipe;2017/Jan;178
24 Rio Grande do Norte;2017/Jan;293
32 Espírito Santo;2017/Jan;286
53 Distrito Federal;2017/Jan;207
51 Mato Grosso;2017/Jan;195
50 Mato Grosso do Sul;2017/Jan;154
17 Tocantins;2017/Jan;143
16 Amapá;2017/Jan;131
11 Rondônia;2017/Jan;128
12 Acre;2017/Jan;77
14 Roraima;2017/Jan;85
35 São Paulo;2017/Fev;2525
29 Bahia;2017/Fev;1352
31 Minas Gerais;2017/Fev;1209
33 Rio de Janeiro;2017/Fev;1080
26 Pernambuco;2017/Fev;778
23 Ceará;2017/Fev;711
41 Paraná;2017/Fev;771
15 Pará;2017/Fev;692
43 Rio Grande do Sul;2017/Fev;526
21 Maranhão;2017/Fev;593
42 Santa Catarina;2017/Fev;511
13 Amazonas;2017/Fev;451
52 Goiás;2017/Fev;278
25 Paraíba;2017/Fev;305
22 Piauí;2017/Fev;283
27 Alagoas;2017/Fev;252
28 Sergipe;2017/Fev;195
24 Rio Grande do Norte;2017/Fev;294
32 Espírito Santo;2017/Fev;227
53 Distrito Federal;2017/Fev;196
51 Mato Grosso;2017/Fev;226
50 Mato Grosso do Sul;2017/Fev;169
17 Tocantins;2017/Fev;115
16 Amapá;2017/Fev;110
11 Rondônia;2017/Fev;170
12 Acre;2017/Fev;133
14 Roraima;2017/Fev;47
35 São Paulo;2017/Mar;2673
29 Bahia;2017/Mar;1407
31 Minas Gerais;2017/Mar;1225
33 Rio de Janeiro;2017/Mar;1070
26 Pernambuco;2017/Mar;719
23 Ceará;2017/Mar;840
41 Paraná;2017/Mar;804
15 Pará;2017/Mar;644
43 Rio Grande do Sul;2017/Mar;526
21 Maranhão;2017/Mar;641
42 Santa Catarina;2017/Mar;545
13 Amazonas;2017/Mar;457
52 Goiás;2017/Mar;300
25 Paraíba;2017/Mar;295
22 Piauí;2017/Mar;281
27 Alagoas;2017/Mar;237
28 Sergipe;2017/Mar;241
24 Rio Grande do Norte;2017/Mar;314
32 Espírito Santo;2017/Mar;253
53 Distrito Federal;2017/Mar;244
51 Mato Grosso;2017/Mar;227
50 Mato Grosso do Sul;2017/Mar;147
17 Tocantins;2017/Mar;136
16 Amapá;2017/Mar;111
11 Rondônia;2017/Mar;157
12 Acre;2017/Mar;83
14 Roraima;2017/Mar;93
35 São Paulo;2017/Abr;2287
29 Bahia;2017/Abr;1316
31 Minas Gerais;2017/Abr;1058
33 Rio de Janeiro;2017/Abr;1009
26 Pernambuco;2017/Abr;771
23 Ceará;2017/Abr;691
41 Paraná;2017/Abr;722
15 Pará;2017/Abr;702
43 Rio Grande do Sul;2017/Abr;480
21 Maranhão;2017/Abr;580
42 Santa Catarina;2017/Abr;451
13 Amazonas;2017/Abr;461
52 Goiás;2017/Abr;284
25 Paraíba;2017/Abr;291
22 Piauí;2017/Abr;275
27 Alagoas;2017/Abr;265
28 Sergipe;2017/Abr;209
24 Rio Grande do Norte;2017/Abr;277
32 Espírito Santo;2017/Abr;276
53 Distrito Federal;2017/Abr;182
51 Mato Grosso;2017/Abr;217
50 Mato Grosso do Sul;2017/Abr;127
17 Tocantins;2017/Abr;124
16 Amapá;2017/Abr;78
11 Rondônia;2017/Abr;124
12 Acre;2017/Abr;97
14 Roraima;2017/Abr;117
35 São Paulo;2017/Mai;2527
29 Bahia;2017/Mai;1338
31 Minas Gerais;2017/Mai;1293
33 Rio de Janeiro;2017/Mai;1023
26 Pernambuco;2017/Mai;693
23 Ceará;2017/Mai;793
41 Paraná;2017/Mai;739
15 Pará;2017/Mai;648
43 Rio Grande do Sul;2017/Mai;527
21 Maranhão;2017/Mai;624
42 Santa Catarina;2017/Mai;440
13 Amazonas;2017/Mai;490
52 Goiás;2017/Mai;297
25 Paraíba;2017/Mai;267
22 Piauí;2017/Mai;336
27 Alagoas;2017/Mai;304
28 Sergipe;2017/Mai;244
24 Rio Grande do Norte;2017/Mai;278
32 Espírito Santo;2017/Mai;233
53 Distrito Federal;2017/Mai;164
51 Mato Grosso;2017/Mai;212
50 Mato Grosso do Sul;2017/Mai;147
17 Tocantins;2017/Mai;131
16 Amapá;2017/Mai;106
11 Rondônia;2017/Mai;166
12 Acre;2017/Mai;109
14 Roraima;2017/Mai;92
35 São Paulo;2017/Jun;2607
29 Bahia;2017/Jun;1258
31 Minas Gerais;2017/Jun;1287
33 Rio de Janeiro;2017/Jun;1052
26 Pernambuco;2017/Jun;660
23 Ceará;2017/Jun;798
41 Paraná;2017/Jun;767
15 Pará;2017/Jun;655
43 Rio Grande do Sul;2017/Jun;477
21 Maranhão;2017/Jun;622
42 Santa Catarina;2017/Jun;502
13 Amazonas;2017/Jun;401
52 Goiás;2017/Jun;303
25 Paraíba;2017/Jun;267
22 Piauí;2017/Jun;324
27 Alagoas;2017/Jun;253
28 Sergipe;2017/Jun;168
24 Rio Grande do Norte;2017/Jun;241
32 Espírito Santo;2017/Jun;245
53 Distrito Federal;2017/Jun;147
51 Mato Grosso;2017/Jun;209
50 Mato Grosso do Sul;2017/Jun;131
17 Tocantins;2017/Jun;120
16 Amapá;2017/Jun;103
11 Rondônia;2017/Jun;134
12 Acre;2017/Jun;83
14 Roraima;2017/Jun;96
35 São Paulo;2017/Jul;2591
29 Bahia;2017/Jul;1276
31 Minas Gerais;2017/Jul;1244
33 Rio de Janeiro;2017/Jul;1193
26 Pernambuco;2017/Jul;684
23 Ceará;2017/Jul;778
41 Paraná;2017/Jul;768
15 Pará;2017/Jul;617
43 Rio Grande do Sul;2017/Jul;548
21 Maranhão;2017/Jul;674
42 Santa Catarina;2017/Jul;522
13 Amazonas;2017/Jul;401
52 Goiás;2017/Jul;258
25 Paraíba;2017/Jul;285
22 Piauí;2017/Jul;308
27 Alagoas;2017/Jul;256
28 Sergipe;2017/Jul;178
24 Rio Grande do Norte;2017/Jul;300
32 Espírito Santo;2017/Jul;222
53 Distrito Federal;2017/Jul;188
51 Mato Grosso;2017/Jul;219
50 Mato Grosso do Sul;2017/Jul;144
17 Tocantins;2017/Jul;109
16 Amapá;2017/Jul;126
11 Rondônia;2017/Jul;147
12 Acre;2017/Jul;60
14 Roraima;2017/Jul;107
35 São Paulo;2017/Ago;3013
29 Bahia;2017/Ago;1458
31 Minas Gerais;2017/Ago;1262
33 Rio de Janeiro;2017/Ago;1170
26 Pernambuco;2017/Ago;735
23 Ceará;2017/Ago;715
41 Paraná;2017/Ago;844
15 Pará;2017/Ago;715
43 Rio Grande do Sul;2017/Ago;554
21 Maranhão;2017/Ago;583
42 Santa Catarina;2017/Ago;586
13 Amazonas;2017/Ago;435
52 Goiás;2017/Ago;303
25 Paraíba;2017/Ago;310
22 Piauí;2017/Ago;281
27 Alagoas;2017/Ago;319
28 Sergipe;2017/Ago;249
24 Rio Grande do Norte;2017/Ago;275
32 Espírito Santo;2017/Ago;226
53 Distrito Federal;2017/Ago;131
51 Mato Grosso;2017/Ago;223
50 Mato Grosso do Sul;2017/Ago;158
17 Tocantins;2017/Ago;8
16 Amapá;2017/Ago;77
11 Rondônia;2017/Ago;137
12 Acre;2017/Ago;107
14 Roraima;2017/Ago;93
35 São Paulo;2017/Set;2852
29 Bahia;2017/Set;1533
31 Minas Gerais;2017/Set;1221
33 Rio de Janeiro;2017/Set;1308
26 Pernambuco;2017/Set;796
23 Ceará;2017/Set;737
41 Paraná;2017/Set;854
15 Pará;2017/Set;662
43 Rio Grande do Sul;2017/Set;651
21 Maranhão;2017/Set;617
42 Santa Catarina;2017/Set;640
13 Amazonas;2017/Set;391
52 Goiás;2017/Set;361
25 Paraíba;2017/Set;348
22 Piauí;2017/Set;355
27 Alagoas;2017/Set;277
28 Sergipe;2017/Set;225
24 Rio Grande do Norte;2017/Set;348
32 Espírito Santo;2017/Set;254
53 Distrito Federal;2017/Set;192
51 Mato Grosso;2017/Set;269
50 Mato Grosso do Sul;2017/Set;188
17 Tocantins;2017/Set;4
16 Amapá;2017/Set;129
11 Rondônia;2017/Set;130
12 Acre;2017/Set;110
14 Roraima;2017/Set;90
35 São Paulo;2017/Out;2968
29 Bahia;2017/Out;1505
31 Minas Gerais;2017/Out;1459
33 Rio de Janeiro;2017/Out;1350
26 Pernambuco;2017/Out;795
23 Ceará;2017/Out;834
41 Paraná;2017/Out;817
15 Pará;2017/Out;649
43 Rio Grande do Sul;2017/Out;589
21 Maranhão;2017/Out;654
42 Santa Catarina;2017/Out;581
13 Amazonas;2017/Out;423
52 Goiás;2017/Out;367
25 Paraíba;2017/Out;304
22 Piauí;2017/Out;326
27 Alagoas;2017/Out;312
28 Sergipe;2017/Out;240
24 Rio Grande do Norte;2017/Out;302
32 Espírito Santo;2017/Out;261
53 Distrito Federal;2017/Out;246
51 Mato Grosso;2017/Out;269
50 Mato Grosso do Sul;2017/Out;204
17 Tocantins;2017/Out;8
16 Amapá;2017/Out;63
11 Rondônia;2017/Out;167
12 Acre;2017/Out;111
14 Roraima;2017/Out;89
35 São Paulo;2017/Nov;2946
29 Bahia;2017/Nov;1545
31 Minas Gerais;2017/Nov;1333
33 Rio de Janeiro;2017/Nov;1217
26 Pernambuco;2017/Nov;778
23 Ceará;2017/Nov;875
41 Paraná;2017/Nov;830
15 Pará;2017/Nov;654
43 Rio Grande do Sul;2017/Nov;581
21 Maranhão;2017/Nov;615
42 Santa Catarina;2017/Nov;573
13 Amazonas;2017/Nov;390
52 Goiás;2017/Nov;329
25 Paraíba;2017/Nov;367
22 Piauí;2017/Nov;326
27 Alagoas;2017/Nov;314
28 Sergipe;2017/Nov;289
24 Rio Grande do Norte;2017/Nov;311
32 Espírito Santo;2017/Nov;254
53 Distrito Federal;2017/Nov;166
51 Mato Grosso;2017/Nov;288
50 Mato Grosso do Sul;2017/Nov;175
17 Tocantins;2017/Nov;7
16 Amapá;2017/Nov;97
11 Rondônia;2017/Nov;152
12 Acre;2017/Nov;112
14 Roraima;2017/Nov;85
35 São Paulo;2017/Dez;2756
29 Bahia;2017/Dez;1418
31 Minas Gerais;2017/Dez;1359
33 Rio de Janeiro;2017/Dez;1085
26 Pernambuco;2017/Dez;831
23 Ceará;2017/Dez;806
41 Paraná;2017/Dez;950
15 Pará;2017/Dez;651
43 Rio Grande do Sul;2017/Dez;552
21 Maranhão;2017/Dez;661
42 Santa Catarina;2017/Dez;507
13 Amazonas;2017/Dez;379
52 Goiás;2017/Dez;315
25 Paraíba;2017/Dez;332
22 Piauí;2017/Dez;362
27 Alagoas;2017/Dez;303
28 Sergipe;2017/Dez;263
24 Rio Grande do Norte;2017/Dez;278
32 Espírito Santo;2017/Dez;249
53 Distrito Federal;2017/Dez;191
51 Mato Grosso;2017/Dez;244
50 Mato Grosso do Sul;2017/Dez;208
17 Tocantins;2017/Dez;6
16 Amapá;2017/Dez;64
11 Rondônia;2017/Dez;162
12 Acre;2017/Dez;86
14 Roraima;2017/Dez;54
35 São Paulo;2018/Jan;2771
29 Bahia;2018/Jan;1462
31 Minas Gerais;2018/Jan;1260
33 Rio de Janeiro;2018/Jan;1049
26 Pernambuco;2018/Jan;738
23 Ceará;2018/Jan;843
41 Paraná;2018/Jan;835
15 Pará;2018/Jan;606
43 Rio Grande do Sul;2018/Jan;558
21 Maranhão;2018/Jan;602
42 Santa Catarina;2018/Jan;536
13 Amazonas;2018/Jan;408
52 Goiás;2018/Jan;289
25 Paraíba;2018/Jan;313
22 Piauí;2018/Jan;309
27 Alagoas;2018/Jan;325
28 Sergipe;2018/Jan;279
24 Rio Grande do Norte;2018/Jan;347
32 Espírito Santo;2018/Jan;302
53 Distrito Federal;2018/Jan;248
51 Mato Grosso;2018/Jan;260
50 Mato Grosso do Sul;2018/Jan;171
17 Tocantins;2018/Jan;3
16 Amapá;2018/Jan;101
11 Rondônia;2018/Jan;180
12 Acre;2018/Jan;160
14 Roraima;2018/Jan;83
35 São Paulo;2018/Fev;2520
29 Bahia;2018/Fev;1192
31 Minas Gerais;2018/Fev;1235
33 Rio de Janeiro;2018/Fev;930
26 Pernambuco;2018/Fev;647
23 Ceará;2018/Fev;756
41 Paraná;2018/Fev;840
15 Pará;2018/Fev;599
43 Rio Grande do Sul;2018/Fev;495
21 Maranhão;2018/Fev;581
42 Santa Catarina;2018/Fev;586
13 Amazonas;2018/Fev;393
52 Goiás;2018/Fev;296
25 Paraíba;2018/Fev;249
22 Piauí;2018/Fev;299
27 Alagoas;2018/Fev;255
28 Sergipe;2018/Fev;151
24 Rio Grande do Norte;2018/Fev;297
32 Espírito Santo;2018/Fev;204
53 Distrito Federal;2018/Fev;214
51 Mato Grosso;2018/Fev;268
50 Mato Grosso do Sul;2018/Fev;178
17 Tocantins;2018/Fev;4
16 Amapá;2018/Fev;78
11 Rondônia;2018/Fev;156
12 Acre;2018/Fev;116
14 Roraima;2018/Fev;87
35 São Paulo;2018/Mar;2595
29 Bahia;2018/Mar;1375
31 Minas Gerais;2018/Mar;1413
33 Rio de Janeiro;2018/Mar;919
26 Pernambuco;2018/Mar;749
23 Ceará;2018/Mar;827
41 Paraná;2018/Mar;852
15 Pará;2018/Mar;597
43 Rio Grande do Sul;2018/Mar;531
21 Maranhão;2018/Mar;634
42 Santa Catarina;2018/Mar;632
13 Amazonas;2018/Mar;392
52 Goiás;2018/Mar;287
25 Paraíba;2018/Mar;315
22 Piauí;2018/Mar;266
27 Alagoas;2018/Mar;288
28 Sergipe;2018/Mar;234
24 Rio Grande do Norte;2018/Mar;256
32 Espírito Santo;2018/Mar;214
53 Distrito Federal;2018/Mar;204
51 Mato Grosso;2018/Mar;245
50 Mato Grosso do Sul;2018/Mar;164
17 Tocantins;2018/Mar;1
16 Amapá;2018/Mar;84
11 Rondônia;2018/Mar;160
12 Acre;2018/Mar;72
14 Roraima;2018/Mar;78
35 São Paulo;2018/Abr;2476
29 Bahia;2018/Abr;1363
31 Minas Gerais;2018/Abr;1196
33 Rio de Janeiro;2018/Abr;946
26 Pernambuco;2018/Abr;693
23 Ceará;2018/Abr;734
41 Paraná;2018/Abr;712
15 Pará;2018/Abr;654
43 Rio Grande do Sul;2018/Abr;479
21 Maranhão;2018/Abr;624
42 Santa Catarina;2018/Abr;546
13 Amazonas;2018/Abr;417
52 Goiás;2018/Abr;248
25 Paraíba;2018/Abr;272
22 Piauí;2018/Abr;244
27 Alagoas;2018/Abr;215
28 Sergipe;2018/Abr;185
24 Rio Grande do Norte;2018/Abr;311
32 Espírito Santo;2018/Abr;204
53 Distrito Federal;2018/Abr;198
51 Mato Grosso;2018/Abr;248
50 Mato Grosso do Sul;2018/Abr;148
17 Tocantins;2018/Abr;6
16 Amapá;2018/Abr;82
11 Rondônia;2018/Abr;162
12 Acre;2018/Abr;113
14 Roraima;2018/Abr;109
35 São Paulo;2018/Mai;2559
29 Bahia;2018/Mai;1260
31 Minas Gerais;2018/Mai;1158
33 Rio de Janeiro;2018/Mai;920
26 Pernambuco;2018/Mai;716
23 Ceará;2018/Mai;791
41 Paraná;2018/Mai;760
15 Pará;2018/Mai;528
43 Rio Grande do Sul;2018/Mai;404
21 Maranhão;2018/Mai;505
42 Santa Catarina;2018/Mai;530
13 Amazonas;2018/Mai;414
52 Goiás;2018/Mai;279
25 Paraíba;2018/Mai;296
22 Piauí;2018/Mai;238
27 Alagoas;2018/Mai;263
28 Sergipe;2018/Mai;154
24 Rio Grande do Norte;2018/Mai;343
32 Espírito Santo;2018/Mai;206
53 Distrito Federal;2018/Mai;216
51 Mato Grosso;2018/Mai;248
50 Mato Grosso do Sul;2018/Mai;118
17 Tocantins;2018/Mai;10
16 Amapá;2018/Mai;42
11 Rondônia;2018/Mai;76
12 Acre;2018/Mai;82
14 Roraima;2018/Mai;123
35 São Paulo;2018/Jun;2365
29 Bahia;2018/Jun;1245
31 Minas Gerais;2018/Jun;1086
33 Rio de Janeiro;2018/Jun;910
26 Pernambuco;2018/Jun;666
23 Ceará;2018/Jun;655
41 Paraná;2018/Jun;712
15 Pará;2018/Jun;427
43 Rio Grande do Sul;2018/Jun;487
21 Maranhão;2018/Jun;482
42 Santa Catarina;2018/Jun;489
13 Amazonas;2018/Jun;374
52 Goiás;2018/Jun;217
25 Paraíba;2018/Jun;227
22 Piauí;2018/Jun;176
27 Alagoas;2018/Jun;239
28 Sergipe;2018/Jun;178
24 Rio Grande do Norte;2018/Jun;249
32 Espírito Santo;2018/Jun;197
53 Distrito Federal;2018/Jun;200
51 Mato Grosso;2018/Jun;233
50 Mato Grosso do Sul;2018/Jun;163
17 Tocantins;2018/Jun;1
16 Amapá;2018/Jun;-
11 Rondônia;2018/Jun;54
12 Acre;2018/Jun;91
14 Roraima;2018/Jun;114
